station_id,name,elevation_m,latitude,longitude,state
CDEC:ADM,Adin Mountain,1889.76,41.237,-120.792,California
CDEC:AGP,Agnew Pass,2880.36,37.726631,-119.141731,California
CDEC:ALP,Alpha (Smud),2316.48,38.804192,-120.215652,California
CDEC:BCB,Blackcap Basin,3139.44,37.066685,-118.77301,California
CDEC:BCH,Beach Meadows,2331.7200000000007,36.126095,-118.293457,California
CDEC:BFL,Big Flat,1554.48,41.077599,-122.94223,California
CDEC:BGP,Big Pine Creek,2987.04,37.12781500000001,-118.476967,California
CDEC:BIM,Big Meadows (Dwr),2316.48,36.715225,-118.843773,California
CDEC:BKL,Bucks Lake,1790.0904,39.852921,-121.25135,California
CDEC:BLA,Blacks Mountain,2148.84,40.76984,-121.199783,California
CDEC:BLC,Blue Canyon,1609.344,39.280098,-120.708694,California
CDEC:BLD,Bloods Creek,2194.56,38.451256,-120.034882,California
CDEC:BLK,Blue Lakes,2438.4,38.612999,-119.931,California
CDEC:BLS,Black Springs,1981.2,38.375881,-120.195,California
CDEC:BMW,Big Meadows (Scs),2651.76,39.458,-119.945999,California
CDEC:BNK,Bonanza King,1965.96,41.083118,-122.631271,California
CDEC:BSK,Burnside Lake,2477.7192,38.719398,-119.894203,California
CDEC:CDP,Cedar Pass,2164.08,41.583,-120.303001,California
CDEC:CHM,Chilkoot Meadow,2179.32,37.40839,-119.49218799999998,California
CDEC:CHP,Chagoopa Plateau,3139.44,36.497143,-118.446716,California
CDEC:CRL,Charlotte Lake,3169.92,36.777523,-118.42601,California
CDEC:CSL,Cent Sierra Snow Lab,2103.12,39.325001,-120.366997,California
CDEC:CSV,Casa Vieja Meadows,2529.84,36.198097,-118.267685,California
CDEC:CWD,Cottonwood Lakes,3093.7200000000007,36.483829,-118.177559,California
CDEC:CWF,Crowder Flat,1554.48,41.893398,-120.7519,California
CDEC:CXS,Carson Pass,2545.9944,38.692402,-120.002098,California
CDEC:DAN,Dana Meadows,2987.04,37.896999,-119.257004,California
CDEC:DDM,Deadman Creek,2819.4,38.33159600000001,-119.654114,California
CDEC:DPO,Devils Postpile,2307.0312,37.62941,-119.084671,California
CDEC:DSS,Dismal Swamp,2148.84,41.993,-120.165001,California
CDEC:EBB,Ebbetts Pass,2651.76,38.561001,-119.807999,California
CDEC:EP5,Echo Peak 5,2377.44,38.848999,-120.079002,California
CDEC:FDC,Forestdale Creek,2443.5816,38.6824,-119.959702,California
CDEC:FLL,Fallen Leaf Lake,1905.0,38.931999,-120.056,California
CDEC:FRN,Forni Ridge,2316.48,38.80397,-120.215919,California
CDEC:FRW,Farewell Gap,2895.600000000001,36.415211,-118.578979,California
CDEC:GEM,Gem Pass,3276.600000000001,37.779999,-119.169998,California
CDEC:GIN,Gin Flat,2148.84,37.766998,-119.773003,California
CDEC:GKS,Greek Store,1706.88,39.07468,-120.5616,California
CDEC:GNF,Giant Forest (Usace),2026.92,36.562,-118.764999,California
CDEC:GNL,Gianelli Meadow,2560.32,38.20430800000001,-119.893188,California
CDEC:GRM,Green Mountain,2407.92,37.549599,-119.232559,California
CDEC:GRV,Graveyard Meadow,2103.12,37.46344000000001,-119.292892,California
CDEC:GRZ,Grizzly Ridge,2103.12,39.917,-120.644997,California
CDEC:HGM,Hagans Meadow,2438.4,38.853001,-119.940002,California
CDEC:HIG,Highland Lakes,1837.944,41.091782,-122.49156200000002,California
CDEC:HMB,Humbug,1981.2,40.115002,-121.367996,California
CDEC:HNT,Huntington Lake (Usbr),2133.6,37.22757,-119.220482,California
CDEC:HOR,Horse Meadow (Nrcs),2608.1736,38.836498,-119.887299,California
CDEC:HRK,Harkness Flat,1889.76,40.417999,-121.275002,California
CDEC:HRS,Horse Meadow,2560.32,38.158001,-119.662003,California
CDEC:HVN,Heavenly Valley,2682.24,38.929001,-119.917,California
CDEC:HYS,Huysink,2011.68,39.281422,-120.529633,California
CDEC:IDC,Independence Camp,2133.6,39.452587,-120.298546,California
CDEC:IDP,Independence Lake (Scs),2575.56,39.435001,-120.321999,California
CDEC:INN,Independence Creek,1981.2,39.493999,-120.292999,California
CDEC:KTL,Kettle Rock,2225.04,40.139999,-120.714996,California
CDEC:LBD,Lobdell Lake,2804.1600000000008,38.439999,-119.376999,California
CDEC:LLP,Lower Lassen Peak,2541.4224,40.466602,-121.50811000000002,California
CDEC:LVM,Leavitt Meadows,2194.56,38.305,-119.552002,California
CDEC:LVT,Leavitt Lake,2926.08,38.282001,-119.621002,California
CDEC:MDW,Meadow Lake,2194.56,39.405663,-120.506058,California
CDEC:MED,Medicine Lake,2042.16,41.591389,-121.610832,California
CDEC:MHP,Mammoth Pass (Usbr),2834.640000000001,37.6124,-119.031746,California
CDEC:MNT,Monitor Pass,2545.08,38.669998,-119.614998,California
CDEC:MRL,Marlette Lake,2438.4,39.173,-119.904999,California
CDEC:MSK,Mount Rose Ski Area,2712.7200000000007,39.326,-119.902,California
CDEC:MTM,Mitchell Meadow,3017.52,36.737,-118.711998,California
CDEC:PDS,Paradise Meadow,2331.7200000000007,38.047001,-119.669998,California
CDEC:PET,Peterson Flat,2179.32,41.302219,-122.527779,California
CDEC:PSC,Pascoes,2788.92,35.966999,-118.349998,California
CDEC:PSN,Poison Flat,2407.92,38.500999,-119.630997,California
CDEC:QUA,Quaking Aspen,2194.56,36.117508,-118.539993,California
CDEC:RBP,Robbs Powerhouse,1569.72,38.902382,-120.376541,California
CDEC:RCC,Robinson Cow Camp,1975.104,39.621864,-120.679871,California
CDEC:RCK,Rock Creek Lakes,2956.56,37.457275,-118.735023,California
CDEC:RP2,Rubicon Peak 2,2286.0,39.000999,-120.139999,California
CDEC:RRM,Red Rock Mountain,2042.16,41.023621,-122.886627,California
CDEC:RTL,Rattlesnake,1892.808,40.127911,-121.043968,California
CDEC:SCN,Schneiders,2667.0,38.747002,-120.068001,California
CDEC:SCT,Scott Mountain,1798.3200000000004,41.272202,-122.719482,California
CDEC:SDF,Sand Flat,2057.4,41.350239,-122.246529,California
CDEC:SDW,Summit Meadow,2838.6024,38.397499,-119.535599,California
CDEC:SHM,Shimmy Lake,1950.72,41.005299,-122.801598,California
CDEC:SIL,Silver Lake,2164.08,38.679604,-120.118195,California
CDEC:SLM,Stanislaus Meadow,2362.2000000000007,38.505501,-119.937302,California
CDEC:SLT,Slate Creek,1737.36,41.04398,-122.480103,California
CDEC:SPS,Sonora Pass Bridge,2667.0,38.318001,-119.600998,California
CDEC:SPT,Spratt Creek,1874.52,38.666271,-119.817421,California
CDEC:SQV,Palisades Tahoe Snotel,2499.36,39.194,-120.276001,California
CDEC:SSM,Sunnyside Meadow,1920.24,39.698132,-120.782211,California
CDEC:SWM,Sawmill,3108.96,37.16196400000001,-118.562592,California
CDEC:TCC,Tahoe City Cross,2057.4,39.17144,-120.154655,California
CDEC:TK2,Truckee 2,1950.72,39.299999,-120.194,California
CDEC:TMR,Tamarack Summit,2301.24,37.16375,-119.200531,California
CDEC:TNY,Tenaya Lake,2484.120000000001,37.838001,-119.447998,California
CDEC:TUM,Tuolumne Meadows,2621.28,37.873001,-119.349998,California
CDEC:UBC,Upper Burnt Corral,2956.56,37.183296,-118.938293,California
CDEC:UTY,Upper Tyndall Creek,3474.7200000000007,36.650002,-118.397003,California
CDEC:VLC,Volcanic Knob,3063.24,37.38785900000001,-118.905037,California
CDEC:VRG,Virginia Lakes Ridge,2834.640000000001,38.077,-119.234001,California
CDEC:VVL,Van Vleck,2042.16,38.943947,-120.306061,California
CDEC:WC3,Ward Creek 3,2057.4,39.135574,-120.218681,California
CDEC:WHW,White Wolf,2407.92,37.859501,-119.651604,California
CDEC:WTM,Wet Meadows,2727.96,36.348,-118.571999,California
CDEC:WWC,West Woodchuck Meadow,2773.6800000000007,37.029999,-118.917999,California
SNOTEL:1000_OR_SNTL,Annie Springs,1831.8480224609373,42.87007141113281,-122.16517639160156,Oregon
SNOTEL:1005_CO_SNTL,Ute Creek,3246.1201171875,37.61497116088867,-105.3732681274414,Colorado
SNOTEL:1009_MT_SNTL,Stringer Creek,1996.43994140625,46.92689895629883,-110.9019775390625,Montana
SNOTEL:1010_OR_SNTL,Crazyman Flat,1883.6639404296875,42.638099670410156,-120.9491729736328,Oregon
SNOTEL:1011_WA_SNTL,MF Nooksack,1514.85595703125,48.82453155517578,-121.92951202392578,Washington
SNOTEL:1012_WA_SNTL,Swift Creek,1353.31201171875,46.16379928588867,-122.18402099609376,Washington
SNOTEL:1013_UT_SNTL,Temple Fork,2257.348876953125,41.79299926757813,-111.54605102539062,Utah
SNOTEL:1014_CO_SNTL,Middle Fork Camp,2724.912109375,39.79560089111328,-106.0272979736328,Colorado
SNOTEL:1015_WY_SNTL,Sage Creek Basin,2392.679931640625,41.4010009765625,-107.25717163085938,Wyoming
SNOTEL:1016_ID_SNTL,Long Valley,1490.4720458984375,44.78834915161133,-116.08878326416016,Idaho
SNOTEL:1017_NM_SNTL,Vacas Locas,2836.46875,36.02634811401367,-106.8136215209961,New Mexico
SNOTEL:1030_CO_SNTL,Arapaho Ridge,3340.60791015625,40.35097885131836,-106.38141632080078,Colorado
SNOTEL:1031_CO_SNTL,Never Summer,3133.343994140625,40.40404891967773,-105.9558334350586,Colorado
SNOTEL:1032_CO_SNTL,Rawah,2749.2958984375,40.70750045776367,-106.00759887695312,Colorado
SNOTEL:1033_CO_SNTL,Zirkel,2846.83203125,40.79487991333008,-106.59535217285156,Colorado
SNOTEL:1034_NM_SNTL,Sierra Blanca,3133.343994140625,33.404720306396484,-105.78721618652344,New Mexico
SNOTEL:1039_UT_SNTL,Cascade Mountain,2369.51513671875,40.28300094604492,-111.60991668701172,Utah
SNOTEL:1040_CO_SNTL,Mccoy Park,2889.50390625,39.604679107666016,-106.5412826538086,Colorado
SNOTEL:1043_WA_SNTL,Sentinel Butte,1426.4639892578125,48.861328125,-118.39842987060548,Washington
SNOTEL:1044_OR_SNTL,Toketee Airstrip,987.552001953125,43.22718048095703,-122.42536926269531,Oregon
SNOTEL:1045_WY_SNTL,Crow Creek,2538.98388671875,41.22869873046875,-105.38278198242188,Wyoming
SNOTEL:1046_WY_SNTL,Cinnabar Park,2918.1552734375,41.23836898803711,-106.23094940185548,Wyoming
SNOTEL:1048_NM_SNTL,Mcknight Cabin,2816.35205078125,33.00812149047852,-107.8697509765625,New Mexico
SNOTEL:1050_CA_SNTL,Horse Meadow,2608.173583984375,38.83652114868164,-119.88732147216795,California
SNOTEL:1051_CA_SNTL,Burnside Lake,2477.71923828125,38.71942901611328,-119.89420318603516,California
SNOTEL:1052_CA_SNTL,Summit Meadow,2838.602294921875,38.39746856689453,-119.53521728515624,California
SNOTEL:1053_ID_SNTL,Myrtle Creek,1072.89599609375,48.72262954711914,-116.46311950683594,Idaho
SNOTEL:1054_UT_SNTL,Farmington Lower,2066.2392578125,40.992000579833984,-111.8170166015625,Utah
SNOTEL:1058_CO_SNTL,Grayback,3541.77587890625,37.47032928466797,-106.53782653808594,Colorado
SNOTEL:1061_CO_SNTL,Bear River,2767.583984375,40.06153106689453,-107.00955200195312,Colorado
SNOTEL:1065_UT_SNTL,Gutz Peak,2061.3623046875,37.49617004394531,-113.94235229492188,Utah
SNOTEL:1066_UT_SNTL,Gardner Peak,2536.545654296875,37.40082931518555,-113.45987701416016,Utah
SNOTEL:1067_CA_SNTL,Carson Pass,2548.1279296875,38.69269943237305,-120.002197265625,California
SNOTEL:1068_WA_SNTL,Sawmill Ridge,1414.27197265625,47.15991973876953,-121.42172241210938,Washington
SNOTEL:1077_OR_SNTL,Swan Lake Mtn,2081.783935546875,42.413230895996094,-121.68002319335938,Oregon
SNOTEL:1079_OR_SNTL,Milk Shakes,1700.7840576171875,45.98210144042969,-117.9488296508789,Oregon
SNOTEL:1082_WY_SNTL,Grand Targhee,2822.447998046875,43.77933120727539,-110.9278335571289,Wyoming
SNOTEL:1084_OR_SNTL,Miller Woods,128.01600646972656,45.24755096435547,-123.27562713623048,Oregon
SNOTEL:1085_WA_SNTL,Cayuse Pass,1597.1519775390625,46.86954116821289,-121.5343017578125,Washington
SNOTEL:1098_UT_SNTL,Usu Doc Daniel,2520.696044921875,41.86425018310547,-111.50602722167969,Utah
SNOTEL:1099_UT_SNTL,Jones Corral,2971.4951171875,38.071250915527344,-112.16787719726562,Utah
SNOTEL:1100_CO_SNTL,Saint Elmo,3212.592041015625,38.69977951049805,-106.36801147460938,Colorado
SNOTEL:1101_CO_SNTL,Chapman Tunnel,3081.528076171875,39.262168884277344,-106.62931060791016,Colorado
SNOTEL:1104_WA_SNTL,Pepper Creek,652.27197265625,46.10242080688477,-121.95555114746094,Washington
SNOTEL:1105_MT_SNTL,East Boulder Mine,1930.907958984375,45.50381088256836,-110.08019256591795,Montana
SNOTEL:1107_WA_SNTL,Buckinghorse,1484.3759765625,47.70859909057617,-123.4574737548828,Washington
SNOTEL:1109_WA_SNTL,Calamity,762.0,45.90362167358398,-122.2163314819336,Washington
SNOTEL:1110_NV_SNTL,Rainbow Canyon,2395.72802734375,36.24929809570313,-115.62972259521484,Nevada
SNOTEL:1111_NV_SNTL,Bristlecone Trail,2709.672119140625,36.31575012207031,-115.69542694091795,Nevada
SNOTEL:1113_UT_SNTL,Tony Grove RS,1929.99365234375,41.8857307434082,-111.56918334960938,Utah
SNOTEL:1114_UT_SNTL,Garden City Summit,2348.48388671875,41.92150115966797,-111.46929931640624,Utah
SNOTEL:1115_UT_SNTL,Klondike Narrows,2209.800048828125,41.967689514160156,-111.59712982177734,Utah
SNOTEL:1119_WY_SNTL,Blackhall Mtn,2993.135986328125,41.05615997314453,-106.71383666992188,Wyoming
SNOTEL:1120_CO_SNTL,Elliot Ridge,3206.49609375,39.86399841308594,-106.42459869384766,Colorado
SNOTEL:1121_AZ_SNTL,Fort Valley,2240.280029296875,35.26805877685547,-111.74485778808594,Arizona
SNOTEL:1122_CO_SNTL,Hourglass Lake,2859.02392578125,40.57912826538086,-105.63067626953124,Colorado
SNOTEL:1123_CO_SNTL,Long Draw Resv,3041.904052734375,40.512298583984375,-105.7656021118164,Colorado
SNOTEL:1124_CO_SNTL,Moon Pass,3395.471923828125,37.966609954833984,-106.5583724975586,Colorado
SNOTEL:1127_AZ_SNTL,Nutrioso,2590.800048828125,33.89746856689453,-109.15516662597656,Arizona
SNOTEL:1128_CO_SNTL,Sargents Mesa,3514.343994140625,38.28554916381836,-106.37068939208984,Colorado
SNOTEL:1129_WA_SNTL,Indian Rock,1633.72802734375,45.99076843261719,-120.80767059326172,Washington
SNOTEL:1131_WY_SNTL,Little Goose,2703.575927734375,44.54315185546875,-107.17864990234376,Wyoming
SNOTEL:1132_WY_SNTL,Soldier Park,2657.85595703125,44.34846878051758,-107.01360321044922,Wyoming
SNOTEL:1133_WY_SNTL,Pocket Creek,2852.927978515625,42.712100982666016,-109.41120147705078,Wyoming
SNOTEL:1134_WY_SNTL,Larsen Creek,2743.199951171875,42.5801010131836,-109.08830261230469,Wyoming
SNOTEL:1135_UT_SNTL,Burts Miller Ranch,2438.39990234375,40.98492050170898,-110.85075378417969,Utah
SNOTEL:1136_NV_SNTL,Toe Jam,2346.9599609375,41.31869888305664,-116.3407974243164,Nevada
SNOTEL:1138_NM_SNTL,Navajo Whiskey Ck,2758.43994140625,36.17728042602539,-108.94690704345705,New Mexico
SNOTEL:1139_AZ_SNTL,Chalender,2164.080078125,35.26247024536133,-112.06230926513672,Arizona
SNOTEL:1140_AZ_SNTL,Baker Butte Smt,2346.9599609375,34.45547103881836,-111.38272094726562,Arizona
SNOTEL:1141_CO_SNTL,Upper Taylor,3243.072021484375,38.99076843261719,-106.75421905517578,Colorado
SNOTEL:1143_AZ_SNTL,Beaver Spring,2804.159912109375,36.32677841186523,-109.05711364746094,Arizona
SNOTEL:1144_MT_SNTL,Blacktail Mtn,1722.1199951171875,47.98287963867188,-114.35430145263672,Montana
SNOTEL:1146_UT_SNTL,Oak Creek,2392.679931640625,39.3484992980957,-112.3263931274414,Utah
SNOTEL:1147_NV_SNTL,Wheeler Peak,3066.2880859375,39.00994873046875,-114.31021118164062,Nevada
SNOTEL:1148_UT_SNTL,Panguitch Lake RS,2545.080078125,37.70463180541992,-112.6503677368164,Utah
SNOTEL:1149_UT_SNTL,Fish Lake Utah,2681.63037109375,38.50455093383789,-111.76692962646484,Utah
SNOTEL:1150_NV_SNTL,Kalamazoo,2369.820068359375,39.557899475097656,-114.62761688232422,Nevada
SNOTEL:1152_NV_SNTL,Cave Mountain,3224.17431640625,39.163368225097656,-114.61329650878906,Nevada
SNOTEL:1154_UT_SNTL,Brian Head,3059.88720703125,37.67993927001953,-112.85674285888672,Utah
SNOTEL:1155_NV_SNTL,Bird Creek,2297.277587890625,39.46138000488281,-114.64862823486328,Nevada
SNOTEL:1156_UT_SNTL,Box Springs,2812.6943359375,38.497459411621094,-112.0077896118164,Utah
SNOTEL:1159_WA_SNTL,Gold Axe Camp,1633.72802734375,48.95159912109375,-118.98639678955078,Washington
SNOTEL:1160_CO_SNTL,Weminuche Creek,3273.552001953125,37.51976013183594,-107.32151794433594,Colorado
SNOTEL:1161_CO_SNTL,Black Mountain,2718.81591796875,40.88800048828125,-105.66397094726562,Colorado
SNOTEL:1162_UT_SNTL,Blacks Fork Jct,2703.271240234375,40.9581413269043,-110.58280181884766,Utah
SNOTEL:1166_OR_SNTL,Bear Grass,1438.656005859375,44.32529830932617,-122.09380340576172,Oregon
SNOTEL:1167_OR_SNTL,Smith Ridge,996.6959838867188,44.30324935913086,-122.04052734375,Oregon
SNOTEL:1168_NM_SNTL,Taos Powderhorn,3370.173583984375,36.58203125,-105.45610809326172,New Mexico
SNOTEL:1169_NM_SNTL,Shuree,3078.47998046875,36.78778076171875,-105.239990234375,New Mexico
SNOTEL:1170_NM_SNTL,Palo,2849.8798828125,36.40848159790039,-105.33062744140624,New Mexico
SNOTEL:1171_WA_SNTL,Trinity,893.0640258789062,48.07469940185547,-120.84929656982422,Washington
SNOTEL:1172_NM_SNTL,San Antonio Sink,2773.679931640625,36.86220169067383,-106.22502136230469,New Mexico
SNOTEL:1184_UT_SNTL,Gooseberry RS Up,2559.100830078125,38.78820037841797,-111.6889190673828,Utah
SNOTEL:1185_CO_SNTL,Black Mesa,3529.583984375,37.78971862792969,-108.18364715576172,Colorado
SNOTEL:1186_CO_SNTL,Fool Creek,3398.52001953125,39.86869812011719,-105.86750030517578,Colorado
SNOTEL:1187_CO_SNTL,High Lonesome,3236.97607421875,40.03591918945313,-105.75470733642578,Colorado
SNOTEL:1192_UT_SNTL,Buck Pasture,2935.83349609375,40.84455871582031,-110.66068267822266,Utah
SNOTEL:1195_NV_SNTL,Golconda,2016.5567626953125,40.88357925415039,-117.58811950683594,Nevada
SNOTEL:1196_WY_SNTL,Med Bow,3200.39990234375,41.37833023071289,-106.34680938720705,Wyoming
SNOTEL:1197_UT_SNTL,Yankee Reservoir,2649.321533203125,37.74797058105469,-112.7749481201172,Utah
SNOTEL:1214_UT_SNTL,Bevans Cabin,1987.2960205078125,40.46181869506836,-112.25232696533205,Utah
SNOTEL:1215_UT_SNTL,Lasal Mountain-Lower,2677.058349609375,38.48167037963867,-109.29164123535156,Utah
SNOTEL:1216_UT_SNTL,Huntington Horse,2941.9296875,39.61774063110352,-111.3057632446289,Utah
SNOTEL:1222_UT_SNTL,GBRC Meadows,3004.718505859375,39.30229187011719,-111.45382690429688,Utah
SNOTEL:1223_UT_SNTL,Hobble Creek,2248.509521484375,40.18537902832031,-111.35971069335938,Utah
SNOTEL:1224_UT_SNTL,Mt Baldy,2902.915283203125,39.136478424072266,-111.5052719116211,Utah
SNOTEL:1225_UT_SNTL,Redden Mine Lwr,2600.5537109375,40.675048828125,-111.2176513671875,Utah
SNOTEL:1226_UT_SNTL,Thistle Flat,2678.277587890625,39.23802947998047,-111.51998138427734,Utah
SNOTEL:1227_UT_SNTL,Upper Joes Valley,2620.060791015625,39.41550064086914,-111.24909973144531,Utah
SNOTEL:1228_UT_SNTL,Wrigley Creek,2842.86962890625,39.13233184814453,-111.35684967041016,Utah
SNOTEL:1231_WA_SNTL,Satus Pass,1207.008056640625,45.98796844482422,-120.67733764648438,Washington
SNOTEL:1236_UT_SNTL,Corral,2501.49365234375,39.65795135498047,-110.37905883789062,Utah
SNOTEL:1242_NV_SNTL,Little Valley,1979.06640625,39.25259017944336,-119.8770980834961,Nevada
SNOTEL:1243_NV_SNTL,Dry Creek,1997.9639892578125,40.86380004882813,-115.22013854980469,Nevada
SNOTEL:1244_NV_SNTL,Pole Canyon,2365.248046875,40.86293029785156,-115.12066650390624,Nevada
SNOTEL:1247_UT_SNTL,Takka Wiiya,2780.385498046875,39.74103927612305,-113.9826202392578,Utah
SNOTEL:1248_UT_SNTL,Suu Ranch,2453.639892578125,37.597110748291016,-112.9294891357422,Utah
SNOTEL:1249_UT_SNTL,Sunflower Flat,3053.486328125,38.04800033569336,-111.33981323242188,Utah
SNOTEL:1251_CO_SNTL,Sawtooth,2932.176025390625,40.13697052001953,-105.58625030517578,Colorado
SNOTEL:1252_CO_SNTL,Elkhead Divide,2676.14404296875,40.79648971557617,-107.1012191772461,Colorado
SNOTEL:1254_NM_SNTL,Rio Santa Barbara,3250.38720703125,36.07191848754883,-105.62947082519531,New Mexico
SNOTEL:1256_WA_SNTL,Gold Mountain,1338.072021484375,48.18933868408203,-118.45590209960938,Washington
SNOTEL:1257_WA_SNTL,Skate Creek,1149.095947265625,46.64336013793945,-121.83043670654295,Washington
SNOTEL:1258_CA_SNTL,State Line,1731.2640380859375,41.98609161376953,-120.71573638916016,California
SNOTEL:1259_WA_SNTL,Muckamuck,1362.4560546875,48.58525848388672,-119.86624145507812,Washington
SNOTEL:1261_UT_SNTL,Lonesome Beaver,2868.16796875,38.06999969482422,-110.77240753173828,Utah
SNOTEL:1262_NV_SNTL,Fry Canyon,2072.030517578125,41.570220947265625,-115.93644714355469,Nevada
SNOTEL:1263_WA_SNTL,Pinto Rock,1353.31201171875,46.32318115234375,-121.94219207763672,Washington
SNOTEL:1269_UT_SNTL,Mt Pennell,2806.9033203125,37.977928161621094,-110.79329681396484,Utah
SNOTEL:1271_AZ_SNTL,Hawley Lake,2529.840087890625,33.971420288085945,-109.7652816772461,Arizona
SNOTEL:1272_NV_SNTL,ONeil Creek,1987.2960205078125,41.864200592041016,-115.08316040039062,Nevada
SNOTEL:1277_CA_SNTL,Fredonyer Peak,2196.998291015625,40.68798828125,-120.60804748535156,California
SNOTEL:1278_UT_SNTL,Bobs Hollow,2840.43115234375,38.9456901550293,-112.15348815917969,Utah
SNOTEL:1280_UT_SNTL,Santaquin Meadows,2388.10791015625,39.92076110839844,-111.718017578125,Utah
SNOTEL:1286_MT_SNTL,Slagamelt Lakes,2627.3759765625,45.36526107788086,-113.71833801269531,Montana
SNOTEL:1287_MT_SNTL,Mom Creek,2682.239990234375,44.776649475097656,-113.12245178222656,Montana
SNOTEL:2029_ID_SNTL,Reynolds Creek,1706.8800048828125,43.28863143920898,-116.84310150146484,Idaho
SNOTEL:301_CA_SNTL,Adin Mtn,1886.7120361328125,41.2358283996582,-120.79192352294922,California
SNOTEL:302_OR_SNTL,Aneroid Lake #2,2255.52001953125,45.213279724121094,-117.1925811767578,Oregon
SNOTEL:303_CO_SNTL,Apishapa,3048.0,37.33061981201172,-105.06748962402344,Colorado
SNOTEL:304_OR_SNTL,Arbuckle Mtn,1758.696044921875,45.19084930419922,-119.25392150878906,Oregon
SNOTEL:305_CO_SNTL,Arrow,2950.464111328125,39.91550064086914,-105.76083374023438,Colorado
SNOTEL:306_ID_SNTL,Atlanta Summit,2310.384033203125,43.75690078735352,-115.23906707763672,Idaho
SNOTEL:308_AZ_SNTL,Baker Butte,2225.0400390625,34.456600189208984,-111.40643310546876,Arizona
SNOTEL:311_MT_SNTL,Banfield Mountain,1706.8800048828125,48.57120132446289,-115.44573211669922,Montana
SNOTEL:312_ID_SNTL,Banner Summit,2145.7919921875,44.30342102050781,-115.23446655273438,Idaho
SNOTEL:313_MT_SNTL,Barker Lakes,2514.60009765625,46.097129821777344,-113.13037872314452,Montana
SNOTEL:316_NM_SNTL,Bateman,2834.639892578125,36.51216125488281,-106.3212890625,New Mexico
SNOTEL:317_WY_SNTL,Battle Mountain,2267.7119140625,41.05413055419922,-107.2660903930664,Wyoming
SNOTEL:319_ID_SNTL,Bear Basin,1630.6800537109375,44.95222091674805,-116.14292907714844,Idaho
SNOTEL:320_ID_SNTL,Bear Canyon,2407.919921875,43.74367141723633,-113.93797302246094,Idaho
SNOTEL:321_NV_SNTL,Bear Creek,2450.592041015625,41.833839416503906,-115.4527816772461,Nevada
SNOTEL:322_CO_SNTL,Bear Lake,2895.60009765625,40.311180114746094,-105.64482879638672,Colorado
SNOTEL:324_ID_SNTL,Bear Saddle,1883.6639404296875,44.60533142089844,-116.98097229003906,Idaho
SNOTEL:325_WY_SNTL,Bear Trap Meadow,2499.360107421875,43.887428283691406,-107.06134796142578,Wyoming
SNOTEL:326_WY_SNTL,Beartooth Lake,2852.927978515625,44.94306945800781,-109.5674285888672,Wyoming
SNOTEL:327_CO_SNTL,Beartown,3535.679931640625,37.714088439941406,-107.51212310791016,Colorado
SNOTEL:328_MT_SNTL,Beaver Creek,2392.679931640625,44.94966125488281,-111.3585205078125,Montana
SNOTEL:329_UT_SNTL,Beaver Dams,2435.35205078125,39.1368293762207,-111.5581283569336,Utah
SNOTEL:330_UT_SNTL,Beaver Divide,2523.743896484375,40.61233139038086,-111.09781646728516,Utah
SNOTEL:331_OR_SNTL,Beaver Reservoir,1569.719970703125,45.14532089233398,-118.21900177001952,Oregon
SNOTEL:332_UT_SNTL,Ben Lomond Peak,2343.607177734375,41.37602996826172,-111.94405364990234,Utah
SNOTEL:333_UT_SNTL,Ben Lomond Trail,1820.265625,41.382911682128906,-111.92102813720705,Utah
SNOTEL:334_NV_SNTL,Berry Creek,2858.109619140625,39.31917190551758,-114.6227798461914,Nevada
SNOTEL:335_CO_SNTL,Berthoud Summit,3444.239990234375,39.80392074584961,-105.77789306640624,Colorado
SNOTEL:336_NV_SNTL,Big Bend,2102.510498046875,41.761680603027344,-115.69309997558594,Nevada
SNOTEL:337_NV_SNTL,Big Creek Sum,2647.18798828125,39.291481018066406,-117.11505889892578,Nevada
SNOTEL:338_ID_SNTL,Big Creek Summit,1999.488037109375,44.6262092590332,-115.7956085205078,Idaho
SNOTEL:339_UT_SNTL,Big Flat,3154.375244140625,38.30183029174805,-112.35671997070312,Utah
SNOTEL:340_NV_SNTL,Big Meadow,2510.028076171875,39.45500183105469,-119.94219970703124,Nevada
SNOTEL:341_OR_SNTL,Big Red Mountain,1844.0400390625,42.05257034301758,-122.85487365722656,Oregon
SNOTEL:342_WY_SNTL,Big Sandy Opening,2767.583984375,42.64580154418945,-109.25965118408205,Wyoming
SNOTEL:344_OR_SNTL,Billie Creek Divide,1609.343994140625,42.407169342041016,-122.26616668701172,Oregon
SNOTEL:345_CO_SNTL,Bison Lake,3316.22412109375,39.764869689941406,-107.3568115234375,Colorado
SNOTEL:346_MT_SNTL,Bisson Creek,1499.615966796875,47.68389129638672,-113.99900817871094,Montana
SNOTEL:347_MT_SNTL,Black Bear,2490.216064453125,44.50831985473633,-111.1280288696289,Montana
SNOTEL:348_UT_SNTL,Black Flat-U.M. Ck,2869.38720703125,38.67990112304688,-111.59764862060548,Utah
SNOTEL:349_MT_SNTL,Black Pine,2197.60791015625,46.41400146484375,-113.43094635009766,Montana
SNOTEL:350_WY_SNTL,Blackwater,2980.944091796875,44.37667083740234,-109.79332733154295,Wyoming
SNOTEL:354_SD_SNTL,Blind Park,2100.072021484375,44.10771942138672,-103.97688293457031,South Dakota
SNOTEL:355_MT_SNTL,Bloody Dick,2316.47998046875,45.16506958007813,-113.50099182128906,Montana
SNOTEL:356_CA_SNTL,Blue Lakes,2458.821533203125,38.608001708984375,-119.92436981201172,California
SNOTEL:358_WY_SNTL,Bone Springs Div,2849.8798828125,44.67887878417969,-107.5811004638672,Wyoming
SNOTEL:360_MT_SNTL,Boulder Mountain,2423.159912109375,46.55960083007813,-111.28972625732422,Montana
SNOTEL:363_MT_SNTL,Box Canyon,2033.0159912109373,45.27190017700195,-110.24903106689452,Montana
SNOTEL:364_UT_SNTL,Box Creek,3003.1943359375,38.50809097290039,-112.01856231689452,Utah
SNOTEL:365_MT_SNTL,Brackett Creek,2231.135986328125,45.89107131958008,-110.93850708007812,Montana
SNOTEL:366_UT_SNTL,Brighton,2671.876708984375,40.59936141967773,-111.58167266845705,Utah
SNOTEL:368_UT_SNTL,Brown Duck,3222.955078125,40.58102035522461,-110.58586883544922,Utah
SNOTEL:370_ID_SNTL,Brundage Reservoir,1905.0,45.04315185546875,-116.13253021240234,Idaho
SNOTEL:373_NV_SNTL,Buckskin Lower,2112.263916015625,41.75067138671875,-117.53182220458984,Nevada
SNOTEL:375_WA_SNTL,Bumping Ridge,1405.1280517578125,46.81003189086914,-121.33058166503906,Washington
SNOTEL:376_WA_SNTL,Bunchgrass Mdw,1524.0,48.6868782043457,-117.17633056640624,Washington
SNOTEL:377_WY_SNTL,Burgess Junction,2401.823974609375,44.78765106201172,-107.52916717529295,Wyoming
SNOTEL:379_WY_SNTL,Burroughs Creek,2667.0,43.69733047485352,-109.6702117919922,Wyoming
SNOTEL:380_CO_SNTL,Butte,3096.76806640625,38.89432907104492,-106.9530029296875,Colorado
SNOTEL:381_MT_SNTL,Calvert Creek,1959.864013671875,45.8838005065918,-113.32553100585938,Montana
SNOTEL:385_MT_SNTL,Carrot Basin,2743.199951171875,44.96192169189453,-111.29402923583984,Montana
SNOTEL:386_CO_SNTL,Cascade,2706.6240234375,37.65082931518555,-107.80602264404295,Colorado
SNOTEL:387_CO_SNTL,Cascade #2,2718.81591796875,37.65800094604492,-107.80268096923828,Colorado
SNOTEL:388_OR_SNTL,Cascade Summit,1554.47998046875,43.59041976928711,-122.06009674072266,Oregon
SNOTEL:389_WY_SNTL,Casper Mtn.,2407.919921875,42.73389053344727,-106.31861114501952,Wyoming
SNOTEL:390_UT_SNTL,Castle Valley,2928.213623046875,37.660980224609375,-112.74092864990234,Utah
SNOTEL:392_UT_SNTL,Chalk Creek #1,2795.32080078125,40.85464096069336,-111.0476531982422,Utah
SNOTEL:393_UT_SNTL,Chalk Creek #2,2501.79833984375,40.88528823852539,-111.06954193115234,Utah
SNOTEL:396_UT_SNTL,Chepeta,3200.09521484375,40.77457809448242,-110.010498046875,Utah
SNOTEL:398_OR_SNTL,Clackamas Lake,1036.3199462890623,45.096580505371094,-121.75443267822266,Oregon
SNOTEL:399_UT_SNTL,Clear Creek #1,2735.580078125,39.8667106628418,-111.28363037109376,Utah
SNOTEL:401_OR_SNTL,Clear Lake,1161.2879638671875,45.18832015991211,-121.69159698486328,Oregon
SNOTEL:402_WY_SNTL,Cloud Peak Reservoir,3005.327880859375,44.4034309387207,-107.0605697631836,Wyoming
SNOTEL:403_MT_SNTL,Clover Meadow,2621.280029296875,45.017879486083984,-111.84559631347656,Montana
SNOTEL:406_OR_SNTL,Cold Springs Camp,1810.511962890625,42.533050537109375,-122.17682647705078,Oregon
SNOTEL:407_MT_SNTL,Cole Creek,2392.679931640625,45.19404983520508,-109.3454818725586,Montana
SNOTEL:409_CO_SNTL,Columbine Pass,2865.1201171875,38.41794967651367,-108.38249206542969,Colorado
SNOTEL:410_MT_SNTL,Combination,1706.8800048828125,46.46522903442383,-113.3935775756836,Montana
SNOTEL:411_ID_SNTL,Cool Creek,1914.14404296875,46.76361083984375,-115.29528045654295,Idaho
SNOTEL:412_CO_SNTL,Copeland Lake,2621.280029296875,40.20777893066406,-105.56861114501952,Colorado
SNOTEL:413_MT_SNTL,Copper Bottom,1584.9599609375,47.05678176879883,-112.59500122070312,Montana
SNOTEL:414_MT_SNTL,Copper Camp,2118.360107421875,47.081581115722656,-112.72955322265624,Montana
SNOTEL:415_CO_SNTL,Copper Mountain,3215.639892578125,39.489540100097656,-106.17095184326172,Colorado
SNOTEL:416_AZ_SNTL,Coronado Trail,2560.320068359375,33.80392074584961,-109.15281677246094,Arizona
SNOTEL:417_NV_SNTL,Corral Canyon,2574.035888671875,40.27550888061523,-115.54016876220705,Nevada
SNOTEL:418_WA_SNTL,Corral Pass,1767.8399658203125,47.01871871948242,-121.46463775634766,Washington
SNOTEL:419_WY_SNTL,Cottonwood Creek,2337.81591796875,42.64590072631836,-110.8148193359375,Wyoming
SNOTEL:420_WA_SNTL,Cougar Mountain,975.3599853515624,47.27666091918945,-121.67137908935548,Washington
SNOTEL:422_OR_SNTL,County Line,1472.1839599609375,45.19107055664063,-118.5501480102539,Oregon
SNOTEL:423_ID_SNTL,Cozy Cove,1645.9200439453125,44.28845977783203,-115.65508270263672,Idaho
SNOTEL:424_ID_SNTL,Crab Creek,2103.1201171875,44.4370002746582,-111.99384307861328,Idaho
SNOTEL:426_CO_SNTL,Crosho,2773.679931640625,40.16744995117188,-107.05750274658205,Colorado
SNOTEL:428_CA_SNTL,Css Lab,2101.291259765625,39.32564926147461,-120.36807250976562,California
SNOTEL:430_CO_SNTL,Culebra #2,3200.39990234375,37.209449768066406,-105.19959259033205,Colorado
SNOTEL:431_CO_SNTL,Cumbres Trestle,3060.19189453125,37.01877975463867,-106.45178985595705,Colorado
SNOTEL:432_UT_SNTL,Currant Creek,2412.491943359375,40.35747146606445,-111.08992767333984,Utah
SNOTEL:433_MT_SNTL,Daly Creek,1761.7440185546875,46.18367004394531,-113.85330200195312,Montana
SNOTEL:434_OR_SNTL,Daly Lake,1124.7120361328123,44.52146911621094,-122.0871810913086,Oregon
SNOTEL:436_MT_SNTL,Darkhorse Lake,2726.43603515625,45.17367172241211,-113.58448028564452,Montana
SNOTEL:437_MT_SNTL,Deadman Creek,1965.9599609375,46.79278945922852,-110.67545318603516,Montana
SNOTEL:438_CO_SNTL,Deadman Hill,3115.055908203125,40.80570983886719,-105.76992797851562,Colorado
SNOTEL:439_ID_SNTL,Deadwood Summit,2090.927978515625,44.54513931274414,-115.56379699707031,Idaho
SNOTEL:444_UT_SNTL,Dills Camp,2812.6943359375,39.04553985595703,-111.46875,Utah
SNOTEL:448_MT_SNTL,Divide,2377.43994140625,44.79317092895508,-112.05644989013672,Montana
SNOTEL:449_WY_SNTL,Divide Peak,2706.6240234375,41.30398178100586,-107.15241241455078,Wyoming
SNOTEL:450_ID_SNTL,Dollarhide Summit,2566.416015625,43.602500915527344,-114.6741714477539,Idaho
SNOTEL:451_WY_SNTL,Dome Lake,2706.6240234375,44.57461929321289,-107.29537200927734,Wyoming
SNOTEL:452_UT_SNTL,Donkey Reservoir,2986.735107421875,38.20840072631836,-111.47412109375,Utah
SNOTEL:455_UT_SNTL,Dry Bread Pond,2530.44970703125,41.41289138793945,-111.5376968383789,Utah
SNOTEL:457_CO_SNTL,Dry Lake,2560.320068359375,40.53396987915039,-106.78130340576172,Colorado
SNOTEL:458_MT_SNTL,Dupuyer Creek,1752.5999755859375,48.06341171264648,-112.7573013305664,Montana
SNOTEL:460_WY_SNTL,East Rim Divide,2417.06396484375,43.1309700012207,-110.20230102539062,Wyoming
SNOTEL:462_CA_SNTL,Ebbetts Pass,2639.872802734375,38.54970169067383,-119.80467987060548,California
SNOTEL:463_CA_SNTL,Echo Peak,2332.634521484375,38.8489990234375,-120.07949829101562,California
SNOTEL:464_OR_SNTL,Eilertson Meadows,1679.447998046875,44.86886978149414,-118.1138687133789,Oregon
SNOTEL:465_CO_SNTL,El Diente Peak,3048.0,37.786170959472656,-108.02155303955078,Colorado
SNOTEL:466_ID_SNTL,Elk Butte,1734.31201171875,46.83998107910156,-116.12232971191406,Idaho
SNOTEL:467_CO_SNTL,Elk River,2651.760009765625,40.84780883789063,-106.96871185302734,Colorado
SNOTEL:470_OR_SNTL,Emigrant Springs,1158.239990234375,45.55807876586914,-118.45382690429688,Oregon
SNOTEL:472_WY_SNTL,Evening Star,2804.159912109375,44.65258026123047,-109.78421783447266,Wyoming
SNOTEL:474_UT_SNTL,Farmington,2408.529541015625,40.9746208190918,-111.80975341796876,Utah
SNOTEL:475_UT_SNTL,Farnsworth Lake,2933.09033203125,38.7724609375,-111.67662048339844,Utah
SNOTEL:476_NV_SNTL,Fawn Creek,2143.048828125,41.82098007202149,-116.10153198242188,Nevada
SNOTEL:477_OR_SNTL,Fish Creek,2334.76806640625,42.70991897583008,-118.6321029663086,Oregon
SNOTEL:478_WA_SNTL,Fish Lake,1045.4639892578123,47.53564834594727,-121.08553314208984,Washington
SNOTEL:480_MT_SNTL,Fisher Creek,2773.679931640625,45.06235122680664,-109.94487762451172,Montana
SNOTEL:481_UT_SNTL,Five Points Lake,3335.426513671875,40.71784973144531,-110.46720886230469,Utah
SNOTEL:482_MT_SNTL,Flattop Mtn.,1920.239990234375,48.80224990844727,-113.8571319580078,Montana
SNOTEL:483_OR_SNTL,Fourmile Lake,1819.656005859375,42.4393310546875,-122.22879791259766,Oregon
SNOTEL:484_ID_SNTL,Franklin Basin,2481.072021484375,42.05049896240234,-111.6011962890625,Idaho
SNOTEL:485_CO_SNTL,Fremont Pass,3474.719970703125,39.37990951538086,-106.19680786132812,Colorado
SNOTEL:486_NM_SNTL,Frisco Divide,2438.39990234375,33.736461639404304,-108.9450225830078,New Mexico
SNOTEL:487_MT_SNTL,Frohner Meadow,1975.10400390625,46.43545150756836,-112.1927719116211,Montana
SNOTEL:488_AZ_SNTL,Fry,2194.56005859375,35.07297134399414,-111.84374237060548,Arizona
SNOTEL:489_ID_SNTL,Galena,2276.85595703125,43.877220153808594,-114.67250061035156,Idaho
SNOTEL:490_ID_SNTL,Galena Summit,2676.14404296875,43.87496948242188,-114.71363067626952,Idaho
SNOTEL:491_NM_SNTL,Gallegos Peak,2987.0400390625,36.19446182250977,-105.55795288085938,New Mexico
SNOTEL:493_ID_SNTL,Giveout,2112.263916015625,42.41320037841797,-111.16629791259766,Idaho
SNOTEL:494_OR_SNTL,Gold Center,1648.968017578125,44.76380157470703,-118.31169891357422,Oregon
SNOTEL:495_UT_SNTL,Gooseberry RS,2421.331298828125,38.80033874511719,-111.6833267211914,Utah
SNOTEL:497_WY_SNTL,Granite Creek,2063.49609375,43.34297943115234,-110.43495178222656,Wyoming
SNOTEL:498_NV_SNTL,Granite Peak,2591.71435546875,41.670318603515625,-117.56668090820312,Nevada
SNOTEL:499_WY_SNTL,Grassy Lake,2214.3720703125,44.126121520996094,-110.8343505859375,Wyoming
SNOTEL:500_MT_SNTL,Grave Creek,1310.6400146484375,48.91453170776367,-114.76663208007812,Montana
SNOTEL:503_NV_SNTL,Green Mountain,2494.7880859375,40.38479995727539,-115.52757263183594,Nevada
SNOTEL:505_CO_SNTL,Grizzly Peak,3383.280029296875,39.64630889892578,-105.8697280883789,Colorado
SNOTEL:507_WA_SNTL,Grouse Camp,1642.8719482421875,47.28107070922852,-120.48770904541016,Washington
SNOTEL:508_CA_SNTL,Hagans Meadow,2359.76171875,38.851898193359375,-119.9374008178711,California
SNOTEL:509_WY_SNTL,Hams Fork,2389.632080078125,42.14599990844727,-110.67832946777344,Wyoming
SNOTEL:510_MT_SNTL,Hand Creek,1534.66796875,48.30754089355469,-114.84075164794922,Montana
SNOTEL:512_WY_SNTL,Hansen Sawmill,2548.1279296875,44.256019592285156,-106.97982788085938,Wyoming
SNOTEL:514_UT_SNTL,Harris Flat,2375.001708984375,37.48997116088867,-112.57601928710938,Utah
SNOTEL:519_AZ_SNTL,Heber,2328.672119140625,34.31201934814453,-110.75431060791016,Arizona
SNOTEL:520_ID_SNTL,Hemlock Butte,1770.887939453125,46.48110961914063,-115.63361358642578,Idaho
SNOTEL:521_UT_SNTL,Hewinta,2895.60009765625,40.95008850097656,-110.48419189453124,Utah
SNOTEL:522_UT_SNTL,Hickerson Park,2780.385498046875,40.90663146972656,-109.9628677368164,Utah
SNOTEL:523_OR_SNTL,High Ridge,1499.615966796875,45.69681930541992,-118.1065673828125,Oregon
SNOTEL:524_ID_SNTL,Hilts Creek,2438.39990234375,44.01897048950195,-113.47229766845705,Idaho
SNOTEL:525_WY_SNTL,Hobbs Park,3078.47998046875,42.86983871459961,-109.09455108642578,Wyoming
SNOTEL:526_OR_SNTL,Hogg Pass,1459.991943359375,44.4204216003418,-121.85655212402344,Oregon
SNOTEL:528_UT_SNTL,Hole-in-Rock,2794.406494140625,40.921669006347656,-110.1862335205078,Utah
SNOTEL:529_OR_SNTL,Holland Meadows,1502.6639404296875,43.66917037963867,-122.56877136230469,Oregon
SNOTEL:530_MT_SNTL,Hoodoo Basin,1844.0400390625,46.97510147094727,-115.03489685058594,Montana
SNOTEL:531_CO_SNTL,Hoosier Pass,3474.719970703125,39.361270904541016,-106.05977630615234,Colorado
SNOTEL:532_NM_SNTL,Hopewell,3048.0,36.71630859375,-106.26348114013672,New Mexico
SNOTEL:533_UT_SNTL,Horse Ridge,2499.05517578125,41.313720703125,-111.4462432861328,Utah
SNOTEL:535_ID_SNTL,Humboldt Gulch,1295.4000244140625,47.53178024291992,-115.77642822265624,Idaho
SNOTEL:540_CA_SNTL,Independence Creek,1961.6927490234373,39.49000930786133,-120.28225708007812,California
SNOTEL:541_CA_SNTL,Independence Lake,2541.42236328125,39.42752075195313,-120.31342315673828,California
SNOTEL:542_CO_SNTL,Independence Pass,3230.8798828125,39.07538986206055,-106.61168670654295,Colorado
SNOTEL:543_UT_SNTL,Indian Canyon,2795.32080078125,39.89165878295898,-110.74604034423828,Utah
SNOTEL:548_NV_SNTL,Jack Creek Upper,2248.509521484375,41.54674911499024,-116.0051727294922,Nevada
SNOTEL:549_NV_SNTL,Jacks Peak,2567.63525390625,41.51359939575195,-116.01170349121094,Nevada
SNOTEL:550_ID_SNTL,Jackson Peak,2154.93603515625,44.05091857910156,-115.44322204589844,Idaho
SNOTEL:552_OR_SNTL,Jump Off Joe,1072.89599609375,44.38605117797852,-122.16683197021484,Oregon
SNOTEL:553_WA_SNTL,June Lake,1048.511962890625,46.14778137207031,-122.15412902832031,Washington
SNOTEL:554_WY_SNTL,Kelley R.S.,2493.263916015625,42.265541076660156,-110.80177307128906,Wyoming
SNOTEL:555_WY_SNTL,Kendall R.S.,2359.152099609375,43.24929809570313,-110.01661682128906,Wyoming
SNOTEL:556_CO_SNTL,Kiln,2926.080078125,39.31724166870117,-106.61453247070312,Colorado
SNOTEL:558_OR_SNTL,King Mountain,1322.83203125,42.72394943237305,-123.20037078857422,Oregon
SNOTEL:559_UT_SNTL,Kings Cabin,2660.29443359375,40.7163200378418,-109.54400634765624,Utah
SNOTEL:560_WY_SNTL,Kirwin,2910.840087890625,43.86066818237305,-109.3216323852539,Wyoming
SNOTEL:562_MT_SNTL,Kraft Creek,1447.800048828125,47.427490234375,-113.775146484375,Montana
SNOTEL:563_OR_SNTL,Lake Creek R.S.,1597.1519775390625,44.2100715637207,-118.63751983642578,Oregon
SNOTEL:564_CO_SNTL,Lake Eldora,2956.56005859375,39.9367790222168,-105.58956146240234,Colorado
SNOTEL:565_CO_SNTL,Lake Irene,3261.360107421875,40.41432189941406,-105.8198013305664,Colorado
SNOTEL:566_UT_SNTL,Lakefork #1,3087.014404296875,40.59709167480469,-110.43315887451172,Utah
SNOTEL:568_MT_SNTL,Lakeview Ridge,2255.52001953125,44.58906936645508,-111.82498168945312,Montana
SNOTEL:569_NV_SNTL,Lamance Creek,1949.196044921875,41.515419006347656,-117.63197326660156,Nevada
SNOTEL:570_NV_SNTL,Lamoille #3,2453.94482421875,40.644798278808594,-115.3812026977539,Nevada
SNOTEL:571_WY_SNTL,Laprele Creek,2552.699951171875,42.435829162597656,-105.86083221435548,Wyoming
SNOTEL:572_UT_SNTL,Lasal Mountain,2919.37451171875,38.48226165771485,-109.27198028564452,Utah
SNOTEL:575_CA_SNTL,Leavitt Meadows,2193.950439453125,38.30366897583008,-119.55110931396484,California
SNOTEL:576_MT_SNTL,Lemhi Ridge,2468.8798828125,44.99380111694336,-113.4439926147461,Montana
SNOTEL:577_WY_SNTL,Lewis Lake Divide,2392.679931640625,44.2086181640625,-110.6662826538086,Wyoming
SNOTEL:579_UT_SNTL,Lily Lake,2783.73828125,40.86492919921875,-110.79812622070312,Utah
SNOTEL:580_CO_SNTL,Lily Pond,3352.800048828125,37.37929153442383,-106.54834747314452,Colorado
SNOTEL:582_UT_SNTL,Little Bear,1995.8304443359373,41.40562057495117,-111.8260726928711,Utah
SNOTEL:583_UT_SNTL,Little Grassy,1848.612060546875,37.48630905151367,-113.84581756591795,Utah
SNOTEL:585_WY_SNTL,Little Warm,2855.97607421875,43.50278091430664,-109.7519989013672,Wyoming
SNOTEL:587_CA_SNTL,Lobdell Lake,2819.09521484375,38.43745040893555,-119.36572265625,California
SNOTEL:588_ID_SNTL,Lolo Pass,1597.1519775390625,46.63447952270508,-114.58071899414062,Idaho
SNOTEL:589_CO_SNTL,Lone Cone,2926.080078125,37.89183044433594,-108.19544219970705,Colorado
SNOTEL:590_MT_SNTL,Lone Mountain,2706.6240234375,45.27412033081055,-111.42691802978516,Montana
SNOTEL:591_WA_SNTL,Lone Pine,1197.864013671875,46.27143096923828,-121.96288299560548,Washington
SNOTEL:592_UT_SNTL,Long Flat,2432.91357421875,37.512550354003906,-113.3966064453125,Utah
SNOTEL:593_UT_SNTL,Long Valley Jct,2275.33203125,37.4875602722168,-112.51457977294922,Utah
SNOTEL:596_UT_SNTL,Lookout Peak,2487.472900390625,40.837310791015625,-111.70964813232422,Utah
SNOTEL:597_WY_SNTL,Loomis Park,2511.552001953125,43.17387008666992,-110.14006805419922,Wyoming
SNOTEL:600_ID_SNTL,Lost Lake,1862.3280029296875,47.08089828491211,-115.9604034423828,Idaho
SNOTEL:603_MT_SNTL,Lower Twin,2407.919921875,45.50870895385742,-111.92288208007812,Montana
SNOTEL:604_MT_SNTL,Lubrecht Flume,1426.4639892578125,46.88293075561523,-113.32228088378906,Montana
SNOTEL:605_OR_SNTL,Lucky Strike,1514.85595703125,45.2747802734375,-118.847900390625,Oregon
SNOTEL:606_WA_SNTL,Lyman Lake,1822.7039794921875,48.19797897338867,-120.91677856445312,Washington
SNOTEL:607_CO_SNTL,Lynx Pass,2706.6240234375,40.07806015014648,-106.67028045654295,Colorado
SNOTEL:610_ID_SNTL,Magic Mountain,2097.02392578125,42.18072128295898,-114.28662109375,Idaho
SNOTEL:612_UT_SNTL,Mammoth-Cottonwood,2654.503173828125,39.68338012695313,-111.31817626953124,Utah
SNOTEL:613_MT_SNTL,Many Glacier,1493.52001953125,48.79698181152344,-113.67050170898438,Montana
SNOTEL:614_OR_SNTL,Marion Forks,789.4320068359375,44.593971252441406,-121.97364807128906,Oregon
SNOTEL:615_NV_SNTL,Marlette Lake,2403.043212890625,39.1639518737793,-119.89672088623048,Nevada
SNOTEL:616_WY_SNTL,Marquette,2670.048095703125,44.30160140991211,-109.2401885986328,Wyoming
SNOTEL:617_AZ_SNTL,Maverick Fork,2804.159912109375,33.92121124267578,-109.45880889892578,Arizona
SNOTEL:619_OR_SNTL,Mckenzie,1453.89599609375,44.21030044555664,-121.87291717529295,Oregon
SNOTEL:620_ID_SNTL,Meadow Lake,2788.919921875,44.43655014038086,-113.31815338134766,Idaho
SNOTEL:621_UT_SNTL,Merchant Valley,2653.283935546875,38.30284881591797,-112.43637084960938,Utah
SNOTEL:622_CO_SNTL,Mesa Lakes,3048.0,39.05831146240234,-108.058349609375,Colorado
SNOTEL:623_ID_SNTL,Mica Creek,1374.64794921875,47.15045166015625,-116.26643371582031,Idaho
SNOTEL:625_WY_SNTL,Middle Powder,2365.248046875,43.62728118896485,-107.18138122558594,Wyoming
SNOTEL:626_UT_SNTL,Midway Valley,2995.26953125,37.56932830810547,-112.83849334716795,Utah
SNOTEL:627_ID_SNTL,Mill Creek Summit,2682.239990234375,44.47211837768555,-114.48992156982422,Idaho
SNOTEL:628_UT_SNTL,Mill-D North,2731.92236328125,40.65882873535156,-111.63683319091795,Utah
SNOTEL:629_CO_SNTL,Mineral Creek,3060.19189453125,37.847469329833984,-107.72657012939452,Colorado
SNOTEL:633_CA_SNTL,Monitor Pass,2531.668701171875,38.66830062866211,-119.60870361328124,California
SNOTEL:637_ID_SNTL,Mores Creek Summit,1859.280029296875,43.93199920654297,-115.66587829589844,Idaho
SNOTEL:640_AZ_SNTL,Mormon Mountain,2286.0,34.941089630126946,-111.51849365234376,Arizona
SNOTEL:642_WA_SNTL,Morse Lake,1648.968017578125,46.90584945678711,-121.48269653320312,Washington
SNOTEL:643_UT_SNTL,Mosby Mtn.,2911.75439453125,40.60797882080078,-109.88809967041016,Utah
SNOTEL:644_WA_SNTL,Moses Mtn,1527.0479736328125,48.36162948608398,-119.0815887451172,Washington
SNOTEL:645_ID_SNTL,Mosquito Ridge,1603.248046875,48.05725860595703,-116.23055267333984,Idaho
SNOTEL:646_MT_SNTL,Moss Peak,2066.5439453125,47.68492889404297,-113.9623031616211,Montana
SNOTEL:647_OR_SNTL,Moss Springs,1755.64794921875,45.271728515625,-117.68746948242188,Oregon
SNOTEL:648_WA_SNTL,Mount Crag,1207.008056640625,47.76369857788086,-123.0260009765625,Washington
SNOTEL:649_MT_SNTL,Mount Lockhart,1950.719970703125,47.91727066040039,-112.82379913330078,Montana
SNOTEL:650_ID_SNTL,Mountain Meadows,1926.3360595703125,45.69694137573242,-115.22972106933594,Idaho
SNOTEL:651_OR_SNTL,Mt Hood Test Site,1636.7760009765625,45.32096862792969,-121.7157974243164,Oregon
SNOTEL:652_NV_SNTL,Mt Rose Ski Area,2682.544921875,39.315731048583984,-119.8947296142578,Nevada
SNOTEL:654_ID_SNTL,Mud Flat,1746.5040283203125,42.600399017333984,-116.55924987792969,Idaho
SNOTEL:655_OR_SNTL,Mud Ridge,1240.5360107421875,45.25362014770508,-121.73673248291016,Oregon
SNOTEL:657_MT_SNTL,N Fk Elk Creek,1905.0,46.87160110473633,-113.27725219726562,Montana
SNOTEL:658_CO_SNTL,Nast Lake,2651.760009765625,39.297218322753906,-106.60694122314452,Colorado
SNOTEL:661_WY_SNTL,New Fork Lake,2542.031982421875,43.11265182495117,-109.94947052001952,Wyoming
SNOTEL:662_MT_SNTL,Nez Perce Camp,1722.1199951171875,45.73107147216797,-114.48075103759766,Montana
SNOTEL:663_CO_SNTL,Niwot,3020.568115234375,40.03522872924805,-105.54425811767578,Colorado
SNOTEL:664_MT_SNTL,Noisy Basin,1840.991943359375,48.15678024291992,-113.94637298583984,Montana
SNOTEL:665_NM_SNTL,North Costilla,3230.8798828125,36.99377822875977,-105.25962829589844,New Mexico
SNOTEL:666_OR_SNTL,North Fork,932.68798828125,45.550498962402344,-122.0028305053711,Oregon
SNOTEL:667_MT_SNTL,North Fork Jocko,1929.384033203125,47.27259826660156,-113.75617218017578,Montana
SNOTEL:669_CO_SNTL,North Lost Trail,2804.159912109375,39.07812881469727,-107.14389038085938,Colorado
SNOTEL:670_MT_SNTL,Northeast Entrance,2240.280029296875,45.00564956665039,-110.0140609741211,Montana
SNOTEL:671_OR_SNTL,Ochoco Meadows,1655.06396484375,44.42916870117188,-120.3311004638672,Oregon
SNOTEL:672_WA_SNTL,Olallie Meadows,1228.343994140625,47.374061584472656,-121.44213104248048,Washington
SNOTEL:673_WY_SNTL,Old Battle,3048.0,41.153968811035156,-106.96936798095705,Wyoming
SNOTEL:676_WY_SNTL,Owl Creek,2735.580078125,43.6586799621582,-109.00988006591795,Wyoming
SNOTEL:677_ID_SNTL,Oxford Spring,2054.35205078125,42.26015090942383,-112.12515258789062,Idaho
SNOTEL:680_CO_SNTL,Park Cone,2926.080078125,38.81996154785156,-106.58973693847656,Colorado
SNOTEL:681_WA_SNTL,Park Creek Ridge,1402.0799560546875,48.44488143920898,-120.91551208496094,Washington
SNOTEL:682_CO_SNTL,Park Reservoir,3035.80810546875,39.04644012451172,-107.87413787841795,Colorado
SNOTEL:683_WY_SNTL,Parker Peak,2865.1201171875,44.73395919799805,-109.9148406982422,Wyoming
SNOTEL:684_UT_SNTL,Parleys Summit,2311.907958984375,40.7618408203125,-111.6291732788086,Utah
SNOTEL:686_UT_SNTL,Payson R.S.,2451.811279296875,39.92975997924805,-111.63108825683594,Utah
SNOTEL:689_WY_SNTL,Phillips Bench,2499.360107421875,43.516868591308594,-110.91258239746094,Wyoming
SNOTEL:690_MT_SNTL,Pickfoot Creek,2026.9200439453125,46.57978057861328,-111.26831817626952,Montana
SNOTEL:691_UT_SNTL,Pickle Keg,2749.2958984375,39.01219177246094,-111.58258819580078,Utah
SNOTEL:693_MT_SNTL,Pike Creek,1807.4639892578125,48.30305099487305,-113.32868194580078,Montana
SNOTEL:694_UT_SNTL,Pine Creek,2662.123291015625,38.88185119628906,-112.24915313720705,Utah
SNOTEL:696_MT_SNTL,Placer Basin,2691.384033203125,45.41904830932617,-110.08843994140624,Montana
SNOTEL:698_NV_SNTL,Pole Creek R.S.,2548.1279296875,41.87255096435547,-115.24713134765624,Nevada
SNOTEL:699_WA_SNTL,Pope Ridge,1094.2320556640623,47.99089813232422,-120.56622314453124,Washington
SNOTEL:700_MT_SNTL,Porcupine,1981.199951171875,46.11191940307617,-110.46959686279295,Montana
SNOTEL:702_WA_SNTL,Potato Hill,1374.64794921875,46.34962844848633,-121.51435089111328,Washington
SNOTEL:704_ID_SNTL,Prairie,1463.0400390625,43.505130767822266,-115.572998046875,Idaho
SNOTEL:706_OR_SNTL,Quartz Mountain,1743.4560546875,42.31922912597656,-120.82533264160156,Oregon
SNOTEL:708_NM_SNTL,Quemazon,2895.60009765625,35.92243957519531,-106.39202880859376,New Mexico
SNOTEL:709_CO_SNTL,Rabbit Ears,2865.1201171875,40.36782836914063,-106.7403793334961,Colorado
SNOTEL:710_OR_SNTL,Railroad Overpass,816.864013671875,43.65887069702149,-122.21272277832031,Oregon
SNOTEL:712_OR_SNTL,Red Hill,1344.16796875,45.46429824829102,-121.70427703857422,Oregon
SNOTEL:713_CO_SNTL,Red Mountain Pass,3413.760009765625,37.89179992675781,-107.71341705322266,Colorado
SNOTEL:714_UT_SNTL,Red Pine Ridge,2739.54248046875,39.45196914672852,-111.27220916748048,Utah
SNOTEL:715_NM_SNTL,Red River Pass #2,3002.280029296875,36.69924926757813,-105.34124755859376,New Mexico
SNOTEL:717_CO_SNTL,Ripple Creek,3151.632080078125,40.10811996459961,-107.29411315917969,Colorado
SNOTEL:718_CO_SNTL,Roach,2956.56005859375,40.87501907348633,-106.04602813720705,Colorado
SNOTEL:720_UT_SNTL,Rock Creek,2403.65283203125,40.54875183105469,-110.6929168701172,Utah
SNOTEL:723_UT_SNTL,Rocky Basin-Settleme,2652.979248046875,40.44292831420898,-112.22377014160156,Utah
SNOTEL:724_CA_SNTL,Rubicon #2,2322.271240234375,38.999271392822266,-120.1313934326172,California
SNOTEL:726_OR_SNTL,Saddle Mountain,947.927978515625,45.54476928710938,-123.37315368652344,Oregon
SNOTEL:727_MT_SNTL,Saddle Mtn.,2420.112060546875,45.692588806152344,-113.96827697753906,Montana
SNOTEL:728_WA_SNTL,Salmon Meadows,1359.407958984375,48.65518188476562,-119.83830261230469,Washington
SNOTEL:729_OR_SNTL,Salt Creek Falls,1286.2559814453125,43.61193084716797,-122.1175765991211,Oregon
SNOTEL:730_WY_SNTL,Salt River Summit,2328.672119140625,42.50749969482422,-110.90989685058594,Wyoming
SNOTEL:731_WY_SNTL,Sand Lake,3063.239990234375,41.46257019042969,-106.28106689453124,Wyoming
SNOTEL:732_WY_SNTL,Sandstone RS,2484.1201171875,41.11172103881836,-107.17060089111328,Wyoming
SNOTEL:733_OR_SNTL,Santiam Jct.,1139.9520263671875,44.43503189086914,-121.9450225830078,Oregon
SNOTEL:734_WA_SNTL,Sasse Ridge,1322.83203125,47.384849548339844,-121.063232421875,Washington
SNOTEL:735_ID_SNTL,Savage Pass,1886.7120361328125,46.4663314819336,-114.63333129882812,Idaho
SNOTEL:736_OR_SNTL,Schneider Meadows,1645.9200439453125,45.001068115234375,-117.16522216796876,Oregon
SNOTEL:738_ID_SNTL,Schweitzer Basin,1856.2320556640625,48.3742790222168,-116.63916778564452,Idaho
SNOTEL:739_CO_SNTL,Scotch Creek,2773.679931640625,37.64556121826172,-108.0078582763672,Colorado
SNOTEL:741_ID_SNTL,Sedgwick Peak,2392.679931640625,42.52497100830078,-111.95635223388672,Idaho
SNOTEL:742_UT_SNTL,Seeley Creek,3018.7392578125,39.31042098999024,-111.43296813964844,Utah
SNOTEL:743_OR_SNTL,Seine Creek,627.8880004882812,45.5268783569336,-123.29856872558594,Oregon
SNOTEL:744_NM_SNTL,Senorita Divide #2,2621.280029296875,36.00197982788086,-106.83348083496094,New Mexico
SNOTEL:745_OR_SNTL,Sevenmile Marsh,1737.3599853515625,42.69824981689453,-122.1416473388672,Oregon
SNOTEL:746_NV_SNTL,Seventysix Creek,2240.280029296875,41.73731994628906,-115.47215270996094,Nevada
SNOTEL:747_ID_SNTL,Shanghi Summit,1402.0799560546875,46.5660285949707,-115.74215698242188,Idaho
SNOTEL:748_WA_SNTL,Sheep Canyon,1216.1519775390625,46.1932487487793,-122.2539291381836,Washington
SNOTEL:749_ID_SNTL,Sheep Mtn.,2026.9200439453125,43.21030044555664,-111.68791961669922,Idaho
SNOTEL:751_WY_SNTL,Shell Creek,2919.98388671875,44.50011825561523,-107.4294662475586,Wyoming
SNOTEL:752_ID_SNTL,Sherwin,975.3599853515624,46.950279235839844,-116.3397216796875,Idaho
SNOTEL:754_MT_SNTL,Shower Falls,2468.8798828125,45.40124893188477,-110.95758056640624,Montana
SNOTEL:755_NM_SNTL,Signal Peak,2548.1279296875,32.92401123046875,-108.14537811279295,New Mexico
SNOTEL:756_OR_SNTL,Silver Creek,1749.552001953125,42.95615005493164,-121.18122863769531,Oregon
SNOTEL:757_NM_SNTL,Silver Creek Divide,2743.199951171875,33.37105941772461,-108.7061767578125,New Mexico
SNOTEL:761_ID_SNTL,Slug Creek Divide,2202.179931640625,42.56248092651367,-111.2979736328125,Idaho
SNOTEL:762_CO_SNTL,Slumgullion,3523.488037109375,37.99079895019531,-107.2032699584961,Colorado
SNOTEL:763_UT_SNTL,Smith  Morehouse,2325.9287109375,40.789310455322266,-111.0919189453125,Utah
SNOTEL:764_WY_SNTL,Snake River Station,2109.216064453125,44.13360977172852,-110.6691665649414,Wyoming
SNOTEL:765_WY_SNTL,Snider Basin,2456.68798828125,42.49489974975586,-110.5320281982422,Wyoming
SNOTEL:767_OR_SNTL,Snow Mountain,1898.904052734375,43.94884872436523,-119.54013061523438,Oregon
SNOTEL:770_ID_SNTL,Somsen Ranch,2072.639892578125,42.95275115966797,-111.3593292236328,Idaho
SNOTEL:771_CA_SNTL,Sonora Pass,2673.095947265625,38.31021118164063,-119.60030364990234,California
SNOTEL:773_CO_SNTL,South Colony,3291.840087890625,37.968109130859375,-105.53787231445312,Colorado
SNOTEL:777_WA_SNTL,Spirit Lake,1072.89599609375,46.261131286621094,-122.1772003173828,Washington
SNOTEL:778_CA_SNTL,Spratt Creek,1848.00244140625,38.6662712097168,-119.81741333007812,California
SNOTEL:779_WY_SNTL,Spring Creek Divide,2743.199951171875,42.52516174316406,-110.66148376464844,Wyoming
SNOTEL:780_CO_SNTL,Spud Mountain,3249.16796875,37.69866180419922,-107.77715301513672,Colorado
SNOTEL:781_MT_SNTL,Spur Park,2468.8798828125,46.77962112426758,-110.62165069580078,Montana
SNOTEL:782_ID_SNTL,Squaw Flat,1901.9520263671875,44.77090835571289,-116.248046875,Idaho
SNOTEL:784_CA_SNTL,Squaw Valley G.C.,2442.3623046875,39.18986129760742,-120.26576232910156,California
SNOTEL:786_WY_SNTL,St. Lawrence Alt,2627.3759765625,43.03313064575195,-109.17024993896484,Wyoming
SNOTEL:787_MT_SNTL,Stahl Peak,1837.9439697265625,48.90901947021485,-114.86298370361328,Montana
SNOTEL:790_UT_SNTL,Steel Creek Park,3096.158447265625,40.90861892700195,-110.50462341308594,Utah
SNOTEL:791_WA_SNTL,Stevens Pass,1203.9599609375,47.746070861816406,-121.09288024902344,Washington
SNOTEL:792_ID_SNTL,Stickney Mill,2264.6640625,43.86117172241211,-114.20902252197266,Idaho
SNOTEL:793_CO_SNTL,Stillwater Creek,2657.85595703125,40.22542953491211,-105.91976928710938,Colorado
SNOTEL:794_OR_SNTL,Strawberry,1758.696044921875,42.12586975097656,-120.83609771728516,Oregon
SNOTEL:795_UT_SNTL,Strawberry Divide,2475.890380859375,40.16482925415039,-111.20664978027344,Utah
SNOTEL:797_CO_SNTL,Stump Lakes,3413.760009765625,37.47621154785156,-107.63294982910156,Colorado
SNOTEL:798_WY_SNTL,Sucker Creek,2706.6240234375,44.72249984741211,-107.40032958984376,Wyoming
SNOTEL:801_OR_SNTL,Summit Lake,1709.927978515625,43.44906997680664,-122.13807678222656,Oregon
SNOTEL:803_ID_SNTL,Sunset,1688.592041015625,47.55545043945313,-115.82421875,Idaho
SNOTEL:804_WA_SNTL,Surprise Lakes,1307.592041015625,46.094970703125,-121.7634506225586,Washington
SNOTEL:805_ID_SNTL,Swede Peak,2328.672119140625,43.6259994506836,-113.9688720703125,Idaho
SNOTEL:806_WY_SNTL,Sylvan Lake,2566.416015625,44.477638244628906,-110.15650939941406,Wyoming
SNOTEL:809_CA_SNTL,Tahoe City Cross,2071.7255859375,39.1716194152832,-120.15361785888672,California
SNOTEL:810_OR_SNTL,Taylor Butte,1533.14404296875,42.691078186035156,-121.42591857910156,Oregon
SNOTEL:811_NV_SNTL,Taylor Canyon,1927.8599853515625,41.22869873046875,-116.029296875,Nevada
SNOTEL:812_OR_SNTL,Taylor Green,1749.552001953125,45.07706832885742,-117.55066680908205,Oregon
SNOTEL:814_UT_SNTL,Thaynes Canyon,2813.303955078125,40.62350082397461,-111.53321838378906,Utah
SNOTEL:815_OR_SNTL,Three Creeks Meadow,1734.31201171875,44.14424896240234,-121.64095306396484,Oregon
SNOTEL:816_WY_SNTL,Thumb Divide,2432.303955078125,44.36917114257813,-110.5771713256836,Wyoming
SNOTEL:817_WA_SNTL,Thunder Basin,1316.7359619140625,48.52753067016602,-120.989501953125,Washington
SNOTEL:818_WY_SNTL,Tie Creek,2093.97607421875,44.81243133544922,-107.41017150878906,Wyoming
SNOTEL:819_WY_SNTL,Timber Creek,2423.159912109375,44.02740097045898,-109.17878723144531,Wyoming
SNOTEL:820_UT_SNTL,Timpanogos Divide,2481.072021484375,40.42816925048828,-111.6163330078125,Utah
SNOTEL:822_WY_SNTL,Togwotee Pass,2919.98388671875,43.749019622802734,-110.05780029296876,Wyoming
SNOTEL:823_UT_SNTL,Tony Grove Lake,2582.875244140625,41.89833068847656,-111.62957000732422,Utah
SNOTEL:824_WA_SNTL,Touchet,1685.5439453125,46.11867904663086,-117.85050201416016,Washington
SNOTEL:825_CO_SNTL,Tower,3200.39990234375,40.53742980957031,-106.6768035888672,Colorado
SNOTEL:826_WY_SNTL,Townsend Creek,2651.760009765625,42.69525146484375,-108.89572143554688,Wyoming
SNOTEL:827_CO_SNTL,Trapper Lake,2956.56005859375,39.99884033203125,-107.23619842529295,Colorado
SNOTEL:830_ID_SNTL,Trinity Mtn.,2368.2958984375,43.6290283203125,-115.43817901611328,Idaho
SNOTEL:831_WY_SNTL,Triple Peak,2590.800048828125,42.76393127441406,-110.59140014648438,Wyoming
SNOTEL:832_WA_SNTL,Trough,1670.303955078125,47.23328018188477,-120.29412078857422,Washington
SNOTEL:833_UT_SNTL,Trout Creek,2901.08642578125,40.73899841308594,-109.67279815673828,Utah
SNOTEL:834_CA_SNTL,Truckee #2,1983.9432373046875,39.30086898803711,-120.18406677246094,California
SNOTEL:835_MT_SNTL,Twelvemile Creek,1706.8800048828125,46.14287185668945,-114.44754791259766,Montana
SNOTEL:837_WY_SNTL,Two Ocean Plateau,2816.35205078125,44.15177917480469,-110.22122192382812,Wyoming
SNOTEL:838_CO_SNTL,University Camp,3139.43994140625,40.03279113769531,-105.5761489868164,Colorado
SNOTEL:839_CO_SNTL,Upper Rio Grande,2865.1201171875,37.72193908691406,-107.26014709472656,Colorado
SNOTEL:840_CO_SNTL,Upper San Juan,3108.9599609375,37.48575973510742,-106.8353500366211,Colorado
SNOTEL:841_WA_SNTL,Upper Wheeler,1319.7840576171875,47.28733825683594,-120.37014770507812,Washington
SNOTEL:842_CO_SNTL,Vail Mountain,3139.43994140625,39.61676025390625,-106.38005828857422,Colorado
SNOTEL:844_UT_SNTL,Vernon Creek,2255.82470703125,39.936668395996094,-112.41477966308594,Utah
SNOTEL:845_ID_SNTL,Vienna Mine,2731.008056640625,43.79941940307617,-114.85272979736328,Idaho
SNOTEL:847_MT_SNTL,Waldron,1706.8800048828125,47.91997909545898,-112.7908706665039,Montana
SNOTEL:848_CA_SNTL,Ward Creek #3,2055.8759765625,39.13544845581055,-120.2186508178711,California
SNOTEL:849_NV_SNTL,Ward Mountain,2804.159912109375,39.13241958618164,-114.95574951171876,Nevada
SNOTEL:850_MT_SNTL,Warm Springs,2377.43994140625,46.273681640625,-113.16400146484376,Montana
SNOTEL:852_WY_SNTL,Webber Springs,2819.39990234375,41.15945816040039,-106.92713928222656,Wyoming
SNOTEL:854_NM_SNTL,Wesner Springs,3389.3759765625,35.77555847167969,-105.5425033569336,New Mexico
SNOTEL:855_ID_SNTL,West Branch,1694.68798828125,45.07220077514648,-116.45413208007812,Idaho
SNOTEL:857_CO_SNTL,Whiskey Ck,3115.055908203125,37.214111328125,-105.12245178222656,Colorado
SNOTEL:858_MT_SNTL,Whiskey Creek,2072.639892578125,44.61088180541992,-111.14997863769531,Montana
SNOTEL:859_WY_SNTL,Whiskey Park,2727.9599609375,41.002891540527344,-106.90847778320312,Wyoming
SNOTEL:861_AZ_SNTL,White Horse Lake,2188.464111328125,35.14202117919922,-112.1491470336914,Arizona
SNOTEL:862_MT_SNTL,White Mill,2651.760009765625,45.04574966430664,-109.9098663330078,Montana
SNOTEL:863_WA_SNTL,White Pass E.S.,1353.31201171875,46.64141845703125,-121.38153076171876,Washington
SNOTEL:864_UT_SNTL,White River #1,2633.77685546875,39.964500427246094,-110.98844909667969,Utah
SNOTEL:865_UT_SNTL,Widtsoe #3,2938.27197265625,37.83633041381836,-111.88162994384766,Utah
SNOTEL:868_WY_SNTL,Willow Creek,2462.783935546875,42.815128326416016,-110.83515167236328,Wyoming
SNOTEL:869_CO_SNTL,Willow Creek Pass,2907.7919921875,40.34703063964844,-106.09432983398438,Colorado
SNOTEL:871_ID_SNTL,Wilson Creek,2170.176025390625,42.01256942749024,-115.00277709960938,Idaho
SNOTEL:872_WY_SNTL,Windy Peak,2407.919921875,42.28020095825195,-105.57816314697266,Wyoming
SNOTEL:873_OR_SNTL,Wolf Creek,1716.0240478515625,45.06703186035156,-118.15191650390624,Oregon
SNOTEL:874_CO_SNTL,Wolf Creek Summit,3352.800048828125,37.47922134399414,-106.80169677734376,Colorado
SNOTEL:876_MT_SNTL,Wood Creek,1816.6080322265625,47.44847106933594,-112.81427764892578,Montana
SNOTEL:877_AZ_SNTL,Workman Creek,2103.1201171875,33.81241989135742,-110.91773223876952,Arizona
SNOTEL:878_WY_SNTL,Younts Peak,2545.080078125,43.9322509765625,-109.8177490234375,Wyoming
SNOTEL:895_ID_SNTL,Chocolate Gulch,1923.2879638671875,43.76850128173828,-114.41812133789062,Idaho
SNOTEL:896_UT_SNTL,Hardscrabble,2209.800048828125,40.86832809448242,-111.7186508178711,Utah
SNOTEL:897_WA_SNTL,Meadows Pass,984.5040283203124,47.283119201660156,-121.4719696044922,Washington
SNOTEL:899_WA_SNTL,Tinkham Creek,911.3519897460938,47.33198165893555,-121.4697494506836,Washington
SNOTEL:901_MT_SNTL,Stuart Mountain,2255.52001953125,46.99523162841797,-113.92664337158205,Montana
SNOTEL:902_AZ_SNTL,Beaver Head,2435.35205078125,33.69144058227539,-109.21656799316406,Arizona
SNOTEL:904_CO_SNTL,Columbus Basin,3287.26806640625,37.44147109985352,-108.02445220947266,Colorado
SNOTEL:905_CO_SNTL,Mancos,3048.0,37.43087005615234,-108.16954040527344,Colorado
SNOTEL:906_UT_SNTL,Dry Fork,2161.9462890625,40.565330505371094,-112.17343139648438,Utah
SNOTEL:907_UT_SNTL,Agua Canyon,2712.719970703125,37.52217102050781,-112.27117919921876,Utah
SNOTEL:909_WA_SNTL,Wells Creek,1228.343994140625,48.8661003112793,-121.78975677490234,Washington
SNOTEL:911_WA_SNTL,Rex River,1161.2879638671875,47.30218124389648,-121.60475158691406,Washington
SNOTEL:912_WA_SNTL,Skookum Creek,1008.8880004882812,47.68432998657226,-121.61006927490234,Washington
SNOTEL:913_CO_SNTL,Buffalo Park,2816.35205078125,40.22861099243164,-106.59528350830078,Colorado
SNOTEL:915_ID_SNTL,Schwartz Lake,2630.424072265625,44.8461799621582,-113.83731842041016,Idaho
SNOTEL:917_MT_SNTL,Rocky Boy,1432.56005859375,48.174781799316406,-109.64727783203124,Montana
SNOTEL:918_MT_SNTL,Garver Creek,1295.4000244140625,48.9752311706543,-115.81915283203124,Montana
SNOTEL:919_MT_SNTL,Daisy Peak,2316.47998046875,46.6685791015625,-110.3302230834961,Montana
SNOTEL:920_SD_SNTL,North Rapid Creek,1868.4239501953125,44.20616912841797,-103.78758239746094,South Dakota
SNOTEL:921_NM_SNTL,Elk Cabin,2502.407958984375,35.70429992675781,-105.80674743652344,New Mexico
SNOTEL:922_NM_SNTL,Santa Fe,3488.43603515625,35.76694107055664,-105.78333282470705,New Mexico
SNOTEL:923_WY_SNTL,Deer Park,2956.56005859375,42.59075927734375,-108.9027328491211,Wyoming
SNOTEL:924_MT_SNTL,West Yellowstone,2042.1600341796875,44.65866088867188,-111.09198760986328,Montana
SNOTEL:925_OR_SNTL,South Fork Bull Run,819.9119873046875,45.44575119018555,-122.03125,Oregon
SNOTEL:926_ID_SNTL,Smiley Mountain,2901.696044921875,43.72718048095703,-113.83402252197266,Idaho
SNOTEL:927_AZ_SNTL,Snowslide Canyon,2965.7041015625,35.34159851074219,-111.65058135986328,Arizona
SNOTEL:929_MT_SNTL,Sacajawea,1996.43994140625,45.87395095825195,-110.9278335571289,Montana
SNOTEL:930_MT_SNTL,Peterson Meadows,2194.56005859375,46.12588119506836,-113.30792236328124,Montana
SNOTEL:935_CO_SNTL,Jackwhacker Gulch,3340.60791015625,39.56666946411133,-105.8000030517578,Colorado
SNOTEL:936_CO_SNTL,Echo Lake,3230.8798828125,39.65626907348633,-105.59345245361328,Colorado
SNOTEL:937_CO_SNTL,Michigan Creek,3230.8798828125,39.435768127441406,-105.91078186035156,Colorado
SNOTEL:939_CO_SNTL,Rough And Tumble,3157.72802734375,39.03332901000977,-106.08332824707031,Colorado
SNOTEL:941_WA_SNTL,Mowich,963.1680297851562,46.92832946777344,-121.95231628417969,Washington
SNOTEL:942_WA_SNTL,Burnt Mountain,1271.0159912109375,47.04439926147461,-121.94032287597656,Washington
SNOTEL:945_OR_SNTL,Gerber Reservoir,1490.4720458984375,42.206199645996094,-121.1333999633789,Oregon
SNOTEL:972_UT_SNTL,Louis Meadow,2042.1600341796875,40.83032989501953,-111.76457214355469,Utah
SNOTEL:974_WA_SNTL,Waterhole,1527.0479736328125,47.94485092163086,-123.42594146728516,Washington
SNOTEL:975_WA_SNTL,Swamp Creek,1197.864013671875,48.57141876220703,-120.7826690673828,Washington
SNOTEL:978_ID_SNTL,Bogus Basin,1932.4320068359373,43.763771057128906,-116.09684753417969,Idaho
SNOTEL:981_MT_SNTL,Burnt Mtn,1792.2239990234375,45.2401008605957,-109.45960998535156,Montana
SNOTEL:982_WY_SNTL,Cole Canyon,1801.3680419921875,44.48632049560547,-104.41056823730469,Wyoming
SNOTEL:984_WA_SNTL,Spruce Springs,1737.3599853515625,46.18286895751953,-117.5415496826172,Washington
SNOTEL:988_ID_SNTL,Hidden Lake,1536.1920166015625,48.8936996459961,-116.75747680664062,Idaho
SNOTEL:989_ID_SNTL,Moscow Mountain,1432.56005859375,46.80500030517578,-116.85350036621094,Idaho
SNOTEL:990_WA_SNTL,Beaver Pass,1106.4239501953123,48.87929916381836,-121.25550079345705,Washington
SNOTEL:992_UT_SNTL,Bear River RS,2675.2294921875,40.88520050048828,-110.82769775390624,Utah
SNOTEL:998_WA_SNTL,Easy Pass,1606.2960205078125,48.85932922363281,-121.43894958496094,Washington
SNOTEL:999_WA_SNTL,Marten Ridge,1072.89599609375,48.76292037963867,-121.69822692871094,Washington
