,2022-03-10
CDEC:ADM,10.6
CDEC:AGP,-9999.0
CDEC:ALP,11.21
CDEC:BCB,19.93
CDEC:BCH,0.6
CDEC:BFL,10.8
CDEC:BGP,12.92
CDEC:BIM,30.41
CDEC:BKL,36.84
CDEC:BLA,7.8
CDEC:BLC,12.41
CDEC:BLD,18.36
CDEC:BLK,18.3
CDEC:BLS,16.8
CDEC:BMW,17.4
CDEC:BNK,14.64
CDEC:BSK,15.6
CDEC:CDP,12.0
CDEC:CHM,23.64
CDEC:CHP,8.65
CDEC:CRL,21.22
CDEC:CSL,25.7
CDEC:CSV,12.17
CDEC:CWD,8.76
CDEC:CWF,0.0
CDEC:CXS,17.6
CDEC:DAN,-9999.0
CDEC:DDM,13.5
CDEC:DPO,20.52
CDEC:DSS,20.6
CDEC:EBB,19.6
CDEC:EP5,28.5
CDEC:FDC,22.8
CDEC:FLL,6.4
CDEC:FRN,-9999.0
CDEC:FRW,0.11
CDEC:GEM,24.44
CDEC:GIN,-9999.0
CDEC:GKS,16.2
CDEC:GNF,1.72
CDEC:GNL,23.16
CDEC:GRM,-9999.0
CDEC:GRV,33.12
CDEC:GRZ,19.32
CDEC:HGM,14.8
CDEC:HIG,6.72
CDEC:HMB,23.12
CDEC:HNT,-9999.0
CDEC:HOR,13.1
CDEC:HRK,15.08
CDEC:HRS,-9999.0
CDEC:HVN,17.8
CDEC:HYS,19.92
CDEC:IDC,19.1
CDEC:IDP,35.5
CDEC:INN,10.2
CDEC:KTL,3.95
CDEC:LBD,9.8
CDEC:LLP,44.91
CDEC:LVM,6.9
CDEC:LVT,38.3
CDEC:MDW,33.88
CDEC:MED,14.16
CDEC:MHP,29.64
CDEC:MNT,12.7
CDEC:MRL,16.6
CDEC:MSK,28.0
CDEC:MTM,23.26
CDEC:PDS,-9999.0
CDEC:PET,9.48
CDEC:PSC,20.9
CDEC:PSN,14.9
CDEC:QUA,10.32
CDEC:RBP,15.42
CDEC:RCC,27.5
CDEC:RCK,10.06
CDEC:RP2,20.4
CDEC:RRM,13.06
CDEC:RTL,3.12
CDEC:SCN,-9999.0
CDEC:SCT,1.08
CDEC:SDF,12.96
CDEC:SDW,12.7
CDEC:SHM,4.29
CDEC:SIL,16.11
CDEC:SLM,19.72
CDEC:SLT,3.0
CDEC:SPS,12.4
CDEC:SPT,0.0
CDEC:SQV,-9999.0
CDEC:SSM,56.9
CDEC:SWM,10.19
CDEC:TCC,4.8
CDEC:TK2,14.3
CDEC:TMR,13.68
CDEC:TNY,-9999.0
CDEC:TUM,-9999.0
CDEC:UBC,16.93
CDEC:UTY,11.55
CDEC:VLC,-9999.0
CDEC:VRG,10.1
CDEC:VVL,25.07
CDEC:WC3,24.9
CDEC:WHW,-9999.0
CDEC:WTM,3.63
CDEC:WWC,17.3
SNOTEL:1000_OR_SNTL,-9999.0
SNOTEL:1004_WA_SNTL,-9999.0
SNOTEL:1005_CO_SNTL,8.5
SNOTEL:1007_OR_SNTL,-9999.0
SNOTEL:1009_MT_SNTL,7.1
SNOTEL:1010_OR_SNTL,5.7
SNOTEL:1011_WA_SNTL,39.0
SNOTEL:1012_WA_SNTL,52.4
SNOTEL:1013_UT_SNTL,11.1
SNOTEL:1014_CO_SNTL,8.1
SNOTEL:1015_WY_SNTL,11.1
SNOTEL:1016_ID_SNTL,6.6
SNOTEL:1017_NM_SNTL,8.7
SNOTEL:1018_OR_SNTL,-9999.0
SNOTEL:1019_OR_SNTL,-9999.0
SNOTEL:1020_OR_SNTL,-9999.0
SNOTEL:1021_OR_SNTL,-9999.0
SNOTEL:1022_OR_SNTL,-9999.0
SNOTEL:1023_OR_SNTL,-9999.0
SNOTEL:1024_OR_SNTL,-9999.0
SNOTEL:1025_OR_SNTL,-9999.0
SNOTEL:1027_OR_SNTL,-9999.0
SNOTEL:1028_OR_SNTL,-9999.0
SNOTEL:1029_OR_SNTL,-9999.0
SNOTEL:1030_CO_SNTL,17.7
SNOTEL:1031_CO_SNTL,18.1
SNOTEL:1032_CO_SNTL,9.2
SNOTEL:1033_CO_SNTL,21.7
SNOTEL:1034_NM_SNTL,0.0
SNOTEL:1038_ID_SNTL,-9999.0
SNOTEL:1039_UT_SNTL,10.9
SNOTEL:1040_CO_SNTL,13.0
SNOTEL:1043_WA_SNTL,8.0
SNOTEL:1044_OR_SNTL,4.8
SNOTEL:1045_WY_SNTL,4.9
SNOTEL:1046_WY_SNTL,16.1
SNOTEL:1048_NM_SNTL,0.0
SNOTEL:1050_CA_SNTL,13.4
SNOTEL:1051_CA_SNTL,16.0
SNOTEL:1052_CA_SNTL,12.6
SNOTEL:1053_ID_SNTL,8.1
SNOTEL:1054_UT_SNTL,12.5
SNOTEL:1058_CO_SNTL,3.4
SNOTEL:1061_CO_SNTL,7.7
SNOTEL:1065_UT_SNTL,12.2
SNOTEL:1066_UT_SNTL,9.6
SNOTEL:1067_CA_SNTL,17.6
SNOTEL:1068_WA_SNTL,27.6
SNOTEL:1077_OR_SNTL,10.7
SNOTEL:1079_OR_SNTL,29.9
SNOTEL:1082_WY_SNTL,25.0
SNOTEL:1084_OR_SNTL,0.0
SNOTEL:1085_WA_SNTL,43.3
SNOTEL:1098_UT_SNTL,19.2
SNOTEL:1099_UT_SNTL,7.9
SNOTEL:1100_CO_SNTL,10.4
SNOTEL:1101_CO_SNTL,13.4
SNOTEL:1104_WA_SNTL,8.5
SNOTEL:1105_MT_SNTL,4.3
SNOTEL:1107_WA_SNTL,39.2
SNOTEL:1109_WA_SNTL,0.0
SNOTEL:1110_NV_SNTL,6.3
SNOTEL:1111_NV_SNTL,11.0
SNOTEL:1113_UT_SNTL,10.3
SNOTEL:1114_UT_SNTL,13.7
SNOTEL:1115_UT_SNTL,14.6
SNOTEL:1119_WY_SNTL,25.1
SNOTEL:1120_CO_SNTL,19.9
SNOTEL:1121_AZ_SNTL,1.1
SNOTEL:1122_CO_SNTL,9.5
SNOTEL:1123_CO_SNTL,-9999.0
SNOTEL:1124_CO_SNTL,5.1
SNOTEL:1127_AZ_SNTL,0.0
SNOTEL:1128_CO_SNTL,6.8
SNOTEL:1129_WA_SNTL,8.7
SNOTEL:1131_WY_SNTL,6.6
SNOTEL:1132_WY_SNTL,1.8
SNOTEL:1133_WY_SNTL,-9999.0
SNOTEL:1134_WY_SNTL,-9999.0
SNOTEL:1135_UT_SNTL,6.4
SNOTEL:1136_NV_SNTL,13.1
SNOTEL:1138_NM_SNTL,7.4
SNOTEL:1139_AZ_SNTL,2.8
SNOTEL:1140_AZ_SNTL,9.1
SNOTEL:1141_CO_SNTL,14.0
SNOTEL:1143_AZ_SNTL,7.1
SNOTEL:1144_MT_SNTL,9.1
SNOTEL:1146_UT_SNTL,6.9
SNOTEL:1147_NV_SNTL,12.2
SNOTEL:1148_UT_SNTL,4.5
SNOTEL:1149_UT_SNTL,10.0
SNOTEL:1150_NV_SNTL,7.4
SNOTEL:1152_NV_SNTL,8.4
SNOTEL:1154_UT_SNTL,13.5
SNOTEL:1155_NV_SNTL,4.3
SNOTEL:1156_UT_SNTL,6.1
SNOTEL:1157_WA_SNTL,-9999.0
SNOTEL:1159_WA_SNTL,6.0
SNOTEL:1160_CO_SNTL,13.1
SNOTEL:1161_CO_SNTL,9.4
SNOTEL:1162_UT_SNTL,7.8
SNOTEL:1166_OR_SNTL,37.7
SNOTEL:1167_OR_SNTL,1.6
SNOTEL:1168_NM_SNTL,13.8
SNOTEL:1169_NM_SNTL,5.1
SNOTEL:1170_NM_SNTL,4.4
SNOTEL:1171_WA_SNTL,30.6
SNOTEL:1172_NM_SNTL,9.7
SNOTEL:1184_UT_SNTL,9.8
SNOTEL:1185_CO_SNTL,20.3
SNOTEL:1186_CO_SNTL,15.1
SNOTEL:1187_CO_SNTL,17.2
SNOTEL:1192_UT_SNTL,10.7
SNOTEL:1195_NV_SNTL,5.6
SNOTEL:1196_WY_SNTL,26.5
SNOTEL:1197_UT_SNTL,6.4
SNOTEL:1202_NV_SNTL,-9999.0
SNOTEL:1203_NV_SNTL,-9999.0
SNOTEL:1205_NV_SNTL,-9999.0
SNOTEL:1206_NV_SNTL,-9999.0
SNOTEL:1209_NV_SNTL,-9999.0
SNOTEL:1213_NV_SNTL,-9999.0
SNOTEL:1214_UT_SNTL,5.4
SNOTEL:1215_UT_SNTL,9.3
SNOTEL:1216_UT_SNTL,17.7
SNOTEL:1222_UT_SNTL,19.5
SNOTEL:1223_UT_SNTL,10.2
SNOTEL:1224_UT_SNTL,20.2
SNOTEL:1225_UT_SNTL,12.4
SNOTEL:1226_UT_SNTL,11.2
SNOTEL:1227_UT_SNTL,8.2
SNOTEL:1228_UT_SNTL,8.5
SNOTEL:1231_WA_SNTL,8.4
SNOTEL:1236_UT_SNTL,8.4
SNOTEL:1242_NV_SNTL,14.5
SNOTEL:1243_NV_SNTL,0.8
SNOTEL:1244_NV_SNTL,7.5
SNOTEL:1247_UT_SNTL,11.7
SNOTEL:1248_UT_SNTL,9.0
SNOTEL:1249_UT_SNTL,11.2
SNOTEL:1251_CO_SNTL,21.7
SNOTEL:1252_CO_SNTL,16.1
SNOTEL:1254_NM_SNTL,8.3
SNOTEL:1256_WA_SNTL,5.5
SNOTEL:1257_WA_SNTL,30.6
SNOTEL:1258_CA_SNTL,1.3
SNOTEL:1259_WA_SNTL,4.3
SNOTEL:1261_UT_SNTL,6.7
SNOTEL:1262_NV_SNTL,0.8
SNOTEL:1263_WA_SNTL,25.7
SNOTEL:1269_UT_SNTL,5.1
SNOTEL:1271_AZ_SNTL,10.4
SNOTEL:1272_NV_SNTL,6.2
SNOTEL:1276_ID_SNTL,-9999.0
SNOTEL:1277_CA_SNTL,10.5
SNOTEL:1278_UT_SNTL,10.7
SNOTEL:1280_UT_SNTL,13.7
SNOTEL:1286_MT_SNTL,26.1
SNOTEL:1287_MT_SNTL,10.0
SNOTEL:2029_ID_SNTL,2.2
SNOTEL:246_CA_SNTL,-9999.0
SNOTEL:247_CO_SNTL,-9999.0
SNOTEL:248_CO_SNTL,-9999.0
SNOTEL:249_CO_SNTL,-9999.0
SNOTEL:250_CO_SNTL,-9999.0
SNOTEL:251_ID_SNTL,-9999.0
SNOTEL:252_MT_SNTL,-9999.0
SNOTEL:253_MT_SNTL,-9999.0
SNOTEL:254_MT_SNTL,-9999.0
SNOTEL:255_MT_SNTL,-9999.0
SNOTEL:256_MT_SNTL,-9999.0
SNOTEL:257_NV_SNTL,-9999.0
SNOTEL:258_NV_SNTL,-9999.0
SNOTEL:259_OR_SNTL,-9999.0
SNOTEL:261_UT_SNTL,-9999.0
SNOTEL:262_WA_SNTL,-9999.0
SNOTEL:263_WA_SNTL,-9999.0
SNOTEL:264_WA_SNTL,-9999.0
SNOTEL:266_WY_SNTL,-9999.0
SNOTEL:267_WY_SNTL,-9999.0
SNOTEL:268_WY_SNTL,-9999.0
SNOTEL:269_WY_SNTL,-9999.0
SNOTEL:301_CA_SNTL,10.3
SNOTEL:302_OR_SNTL,12.4
SNOTEL:303_CO_SNTL,5.4
SNOTEL:304_OR_SNTL,14.3
SNOTEL:305_CO_SNTL,-9999.0
SNOTEL:306_ID_SNTL,18.6
SNOTEL:308_AZ_SNTL,1.7
SNOTEL:311_MT_SNTL,15.7
SNOTEL:312_ID_SNTL,20.2
SNOTEL:313_MT_SNTL,10.9
SNOTEL:316_NM_SNTL,10.1
SNOTEL:317_WY_SNTL,8.6
SNOTEL:319_ID_SNTL,10.9
SNOTEL:320_ID_SNTL,11.0
SNOTEL:321_NV_SNTL,11.5
SNOTEL:322_CO_SNTL,15.0
SNOTEL:324_ID_SNTL,14.4
SNOTEL:325_WY_SNTL,5.0
SNOTEL:326_WY_SNTL,13.6
SNOTEL:327_CO_SNTL,18.5
SNOTEL:328_MT_SNTL,10.7
SNOTEL:329_UT_SNTL,7.7
SNOTEL:330_UT_SNTL,10.0
SNOTEL:331_OR_SNTL,9.3
SNOTEL:332_UT_SNTL,18.8
SNOTEL:333_UT_SNTL,12.2
SNOTEL:334_NV_SNTL,11.8
SNOTEL:335_CO_SNTL,13.0
SNOTEL:336_NV_SNTL,5.9
SNOTEL:337_NV_SNTL,9.0
SNOTEL:338_ID_SNTL,21.2
SNOTEL:339_UT_SNTL,18.2
SNOTEL:340_NV_SNTL,17.9
SNOTEL:341_OR_SNTL,12.3
SNOTEL:342_WY_SNTL,8.2
SNOTEL:344_OR_SNTL,14.2
SNOTEL:345_CO_SNTL,20.6
SNOTEL:346_MT_SNTL,6.7
SNOTEL:347_MT_SNTL,25.0
SNOTEL:348_UT_SNTL,6.6
SNOTEL:349_MT_SNTL,9.9
SNOTEL:350_WY_SNTL,15.8
SNOTEL:354_SD_SNTL,3.8
SNOTEL:355_MT_SNTL,8.4
SNOTEL:356_CA_SNTL,18.7
SNOTEL:358_WY_SNTL,11.8
SNOTEL:360_MT_SNTL,12.1
SNOTEL:363_MT_SNTL,5.5
SNOTEL:364_UT_SNTL,4.3
SNOTEL:365_MT_SNTL,12.8
SNOTEL:366_UT_SNTL,14.2
SNOTEL:368_UT_SNTL,16.0
SNOTEL:370_ID_SNTL,19.7
SNOTEL:372_AZ_SNTL,-9999.0
SNOTEL:373_NV_SNTL,8.2
SNOTEL:375_WA_SNTL,19.6
SNOTEL:376_WA_SNTL,19.2
SNOTEL:377_WY_SNTL,8.2
SNOTEL:379_WY_SNTL,7.7
SNOTEL:380_CO_SNTL,13.0
SNOTEL:381_MT_SNTL,6.9
SNOTEL:385_MT_SNTL,18.7
SNOTEL:386_CO_SNTL,12.5
SNOTEL:387_CO_SNTL,9.8
SNOTEL:388_OR_SNTL,20.1
SNOTEL:389_WY_SNTL,8.8
SNOTEL:390_UT_SNTL,8.9
SNOTEL:392_UT_SNTL,15.5
SNOTEL:393_UT_SNTL,12.9
SNOTEL:396_UT_SNTL,10.3
SNOTEL:397_WY_SNTL,-9999.0
SNOTEL:398_OR_SNTL,13.1
SNOTEL:399_UT_SNTL,12.6
SNOTEL:401_OR_SNTL,10.3
SNOTEL:402_WY_SNTL,10.7
SNOTEL:403_MT_SNTL,9.7
SNOTEL:406_OR_SNTL,11.5
SNOTEL:407_MT_SNTL,9.0
SNOTEL:409_CO_SNTL,21.4
SNOTEL:410_MT_SNTL,3.7
SNOTEL:411_ID_SNTL,38.1
SNOTEL:412_CO_SNTL,8.4
SNOTEL:413_MT_SNTL,5.2
SNOTEL:414_MT_SNTL,23.8
SNOTEL:415_CO_SNTL,11.4
SNOTEL:416_AZ_SNTL,0.0
SNOTEL:417_NV_SNTL,12.3
SNOTEL:418_WA_SNTL,27.8
SNOTEL:419_WY_SNTL,14.7
SNOTEL:420_WA_SNTL,14.3
SNOTEL:421_WY_SNTL,-9999.0
SNOTEL:422_OR_SNTL,2.1
SNOTEL:423_ID_SNTL,9.9
SNOTEL:424_ID_SNTL,7.8
SNOTEL:426_CO_SNTL,9.5
SNOTEL:428_CA_SNTL,25.9
SNOTEL:430_CO_SNTL,7.8
SNOTEL:431_CO_SNTL,25.0
SNOTEL:432_UT_SNTL,10.5
SNOTEL:433_MT_SNTL,8.4
SNOTEL:434_OR_SNTL,8.9
SNOTEL:436_MT_SNTL,23.1
SNOTEL:437_MT_SNTL,6.6
SNOTEL:438_CO_SNTL,16.2
SNOTEL:439_ID_SNTL,29.9
SNOTEL:441_UT_SNTL,-9999.0
SNOTEL:444_UT_SNTL,8.5
SNOTEL:448_MT_SNTL,5.9
SNOTEL:449_WY_SNTL,13.5
SNOTEL:450_ID_SNTL,17.3
SNOTEL:451_WY_SNTL,8.2
SNOTEL:452_UT_SNTL,6.0
SNOTEL:455_UT_SNTL,13.4
SNOTEL:457_CO_SNTL,16.9
SNOTEL:458_MT_SNTL,8.2
SNOTEL:460_WY_SNTL,7.9
SNOTEL:462_CA_SNTL,19.6
SNOTEL:463_CA_SNTL,29.0
SNOTEL:464_OR_SNTL,10.2
SNOTEL:465_CO_SNTL,13.0
SNOTEL:466_ID_SNTL,24.7
SNOTEL:467_CO_SNTL,16.0
SNOTEL:470_OR_SNTL,5.5
SNOTEL:472_WY_SNTL,20.6
SNOTEL:474_UT_SNTL,21.4
SNOTEL:475_UT_SNTL,16.4
SNOTEL:476_NV_SNTL,9.5
SNOTEL:477_OR_SNTL,20.1
SNOTEL:478_WA_SNTL,26.0
SNOTEL:480_MT_SNTL,23.1
SNOTEL:481_UT_SNTL,12.7
SNOTEL:482_MT_SNTL,41.0
SNOTEL:483_OR_SNTL,14.0
SNOTEL:484_ID_SNTL,18.8
SNOTEL:485_CO_SNTL,12.2
SNOTEL:486_NM_SNTL,0.0
SNOTEL:487_MT_SNTL,6.3
SNOTEL:488_AZ_SNTL,6.8
SNOTEL:489_ID_SNTL,12.1
SNOTEL:490_ID_SNTL,17.0
SNOTEL:491_NM_SNTL,8.1
SNOTEL:493_ID_SNTL,7.1
SNOTEL:494_OR_SNTL,9.6
SNOTEL:495_UT_SNTL,6.2
SNOTEL:497_WY_SNTL,9.8
SNOTEL:498_NV_SNTL,13.9
SNOTEL:499_WY_SNTL,18.3
SNOTEL:500_MT_SNTL,14.5
SNOTEL:503_NV_SNTL,8.3
SNOTEL:505_CO_SNTL,13.0
SNOTEL:507_WA_SNTL,10.7
SNOTEL:508_CA_SNTL,8.4
SNOTEL:509_WY_SNTL,7.9
SNOTEL:510_MT_SNTL,10.3
SNOTEL:512_WY_SNTL,5.5
SNOTEL:514_UT_SNTL,9.9
SNOTEL:519_AZ_SNTL,2.4
SNOTEL:520_ID_SNTL,40.7
SNOTEL:521_UT_SNTL,8.2
SNOTEL:522_UT_SNTL,6.3
SNOTEL:523_OR_SNTL,20.5
SNOTEL:524_ID_SNTL,10.3
SNOTEL:525_WY_SNTL,12.2
SNOTEL:526_OR_SNTL,12.0
SNOTEL:528_UT_SNTL,5.6
SNOTEL:529_OR_SNTL,20.1
SNOTEL:530_MT_SNTL,33.0
SNOTEL:531_CO_SNTL,11.0
SNOTEL:532_NM_SNTL,13.3
SNOTEL:533_UT_SNTL,14.3
SNOTEL:535_ID_SNTL,17.5
SNOTEL:540_CA_SNTL,10.6
SNOTEL:541_CA_SNTL,35.4
SNOTEL:542_CO_SNTL,11.9
SNOTEL:543_UT_SNTL,9.8
SNOTEL:548_NV_SNTL,8.1
SNOTEL:549_NV_SNTL,-9999.0
SNOTEL:550_ID_SNTL,17.3
SNOTEL:552_OR_SNTL,9.0
SNOTEL:553_WA_SNTL,36.3
SNOTEL:554_WY_SNTL,9.2
SNOTEL:555_WY_SNTL,8.3
SNOTEL:556_CO_SNTL,11.2
SNOTEL:558_OR_SNTL,1.0
SNOTEL:559_UT_SNTL,8.3
SNOTEL:560_WY_SNTL,9.3
SNOTEL:562_MT_SNTL,10.0
SNOTEL:563_OR_SNTL,5.1
SNOTEL:564_CO_SNTL,8.5
SNOTEL:565_CO_SNTL,-9999.0
SNOTEL:566_UT_SNTL,9.4
SNOTEL:568_MT_SNTL,3.7
SNOTEL:569_NV_SNTL,4.4
SNOTEL:570_NV_SNTL,9.1
SNOTEL:571_WY_SNTL,5.8
SNOTEL:572_UT_SNTL,11.1
SNOTEL:575_CA_SNTL,7.1
SNOTEL:576_MT_SNTL,7.6
SNOTEL:577_WY_SNTL,19.8
SNOTEL:579_UT_SNTL,9.1
SNOTEL:580_CO_SNTL,13.4
SNOTEL:582_UT_SNTL,8.2
SNOTEL:583_UT_SNTL,0.5
SNOTEL:585_WY_SNTL,9.2
SNOTEL:587_CA_SNTL,9.7
SNOTEL:588_ID_SNTL,25.4
SNOTEL:589_CO_SNTL,14.8
SNOTEL:590_MT_SNTL,12.5
SNOTEL:591_WA_SNTL,27.9
SNOTEL:592_UT_SNTL,7.8
SNOTEL:593_UT_SNTL,6.0
SNOTEL:596_UT_SNTL,17.8
SNOTEL:597_WY_SNTL,10.4
SNOTEL:598_WY_SNTL,-9999.0
SNOTEL:600_ID_SNTL,39.8
SNOTEL:603_MT_SNTL,11.2
SNOTEL:604_MT_SNTL,5.5
SNOTEL:605_OR_SNTL,7.5
SNOTEL:606_WA_SNTL,47.2
SNOTEL:607_CO_SNTL,7.8
SNOTEL:610_ID_SNTL,15.4
SNOTEL:611_SD_SNTL,-9999.0
SNOTEL:612_UT_SNTL,14.6
SNOTEL:613_MT_SNTL,14.0
SNOTEL:614_OR_SNTL,10.5
SNOTEL:615_NV_SNTL,17.1
SNOTEL:616_WY_SNTL,3.1
SNOTEL:617_AZ_SNTL,5.5
SNOTEL:619_OR_SNTL,24.1
SNOTEL:620_ID_SNTL,12.3
SNOTEL:621_UT_SNTL,11.9
SNOTEL:622_CO_SNTL,14.8
SNOTEL:623_ID_SNTL,18.9
SNOTEL:625_WY_SNTL,6.3
SNOTEL:626_UT_SNTL,15.6
SNOTEL:627_ID_SNTL,20.6
SNOTEL:628_UT_SNTL,15.5
SNOTEL:629_CO_SNTL,10.2
SNOTEL:630_WA_SNTL,-9999.0
SNOTEL:633_CA_SNTL,11.9
SNOTEL:637_ID_SNTL,20.2
SNOTEL:640_AZ_SNTL,5.4
SNOTEL:642_WA_SNTL,43.4
SNOTEL:643_UT_SNTL,11.6
SNOTEL:644_WA_SNTL,8.1
SNOTEL:645_ID_SNTL,27.3
SNOTEL:646_MT_SNTL,33.1
SNOTEL:647_OR_SNTL,18.5
SNOTEL:648_WA_SNTL,22.6
SNOTEL:649_MT_SNTL,19.4
SNOTEL:650_ID_SNTL,18.0
SNOTEL:651_OR_SNTL,37.7
SNOTEL:652_NV_SNTL,28.0
SNOTEL:654_ID_SNTL,4.4
SNOTEL:655_OR_SNTL,25.1
SNOTEL:657_MT_SNTL,8.8
SNOTEL:658_CO_SNTL,8.8
SNOTEL:659_MT_SNTL,-9999.0
SNOTEL:661_WY_SNTL,7.1
SNOTEL:662_MT_SNTL,11.2
SNOTEL:663_CO_SNTL,10.2
SNOTEL:664_MT_SNTL,33.2
SNOTEL:665_NM_SNTL,3.4
SNOTEL:666_OR_SNTL,23.4
SNOTEL:667_MT_SNTL,38.9
SNOTEL:669_CO_SNTL,18.8
SNOTEL:670_MT_SNTL,5.2
SNOTEL:671_OR_SNTL,4.8
SNOTEL:672_WA_SNTL,39.0
SNOTEL:673_WY_SNTL,24.5
SNOTEL:676_WY_SNTL,5.3
SNOTEL:677_ID_SNTL,7.0
SNOTEL:678_NM_SNTL,-9999.0
SNOTEL:680_CO_SNTL,10.9
SNOTEL:681_WA_SNTL,35.3
SNOTEL:682_CO_SNTL,26.6
SNOTEL:683_WY_SNTL,15.7
SNOTEL:684_UT_SNTL,13.5
SNOTEL:685_CO_SNTL,-9999.0
SNOTEL:686_UT_SNTL,11.7
SNOTEL:689_WY_SNTL,15.9
SNOTEL:690_MT_SNTL,0.6
SNOTEL:691_UT_SNTL,9.8
SNOTEL:693_MT_SNTL,5.9
SNOTEL:694_UT_SNTL,14.0
SNOTEL:696_MT_SNTL,13.6
SNOTEL:698_NV_SNTL,15.3
SNOTEL:699_WA_SNTL,14.7
SNOTEL:700_MT_SNTL,4.1
SNOTEL:702_WA_SNTL,25.4
SNOTEL:704_ID_SNTL,4.1
SNOTEL:706_OR_SNTL,0.0
SNOTEL:708_NM_SNTL,4.7
SNOTEL:709_CO_SNTL,16.9
SNOTEL:710_OR_SNTL,0.0
SNOTEL:712_OR_SNTL,55.1
SNOTEL:713_CO_SNTL,18.0
SNOTEL:714_UT_SNTL,11.1
SNOTEL:715_NM_SNTL,5.1
SNOTEL:717_CO_SNTL,20.1
SNOTEL:718_CO_SNTL,14.1
SNOTEL:720_UT_SNTL,5.6
SNOTEL:723_UT_SNTL,11.2
SNOTEL:724_CA_SNTL,19.8
SNOTEL:726_OR_SNTL,0.0
SNOTEL:727_MT_SNTL,20.7
SNOTEL:728_WA_SNTL,5.3
SNOTEL:729_OR_SNTL,16.3
SNOTEL:730_WY_SNTL,10.0
SNOTEL:731_WY_SNTL,20.8
SNOTEL:732_WY_SNTL,11.6
SNOTEL:733_OR_SNTL,8.9
SNOTEL:734_WA_SNTL,21.6
SNOTEL:735_ID_SNTL,23.9
SNOTEL:736_OR_SNTL,19.6
SNOTEL:738_ID_SNTL,35.9
SNOTEL:739_CO_SNTL,10.7
SNOTEL:741_ID_SNTL,10.6
SNOTEL:742_UT_SNTL,8.1
SNOTEL:743_OR_SNTL,0.0
SNOTEL:744_NM_SNTL,5.3
SNOTEL:745_OR_SNTL,18.3
SNOTEL:746_NV_SNTL,5.6
SNOTEL:747_ID_SNTL,22.6
SNOTEL:748_WA_SNTL,32.2
SNOTEL:749_ID_SNTL,9.2
SNOTEL:751_WY_SNTL,10.7
SNOTEL:752_ID_SNTL,9.4
SNOTEL:754_MT_SNTL,14.5
SNOTEL:755_NM_SNTL,0.0
SNOTEL:756_OR_SNTL,6.3
SNOTEL:757_NM_SNTL,2.9
SNOTEL:758_MT_SNTL,-9999.0
SNOTEL:761_ID_SNTL,10.9
SNOTEL:762_CO_SNTL,9.9
SNOTEL:763_UT_SNTL,8.4
SNOTEL:764_WY_SNTL,10.1
SNOTEL:765_WY_SNTL,8.7
SNOTEL:767_OR_SNTL,7.1
SNOTEL:770_ID_SNTL,9.0
SNOTEL:771_CA_SNTL,12.2
SNOTEL:773_CO_SNTL,15.4
SNOTEL:777_WA_SNTL,1.6
SNOTEL:778_CA_SNTL,0.0
SNOTEL:779_WY_SNTL,16.8
SNOTEL:780_CO_SNTL,21.5
SNOTEL:781_MT_SNTL,16.6
SNOTEL:782_ID_SNTL,16.1
SNOTEL:784_CA_SNTL,21.7
SNOTEL:786_WY_SNTL,1.8
SNOTEL:787_MT_SNTL,39.1
SNOTEL:790_UT_SNTL,12.1
SNOTEL:791_WA_SNTL,34.8
SNOTEL:792_ID_SNTL,5.9
SNOTEL:793_CO_SNTL,6.8
SNOTEL:794_OR_SNTL,0.0
SNOTEL:795_UT_SNTL,11.2
SNOTEL:797_CO_SNTL,14.8
SNOTEL:798_WY_SNTL,9.4
SNOTEL:799_AZ_SNTL,-9999.0
SNOTEL:8011_WY_SNTL,-9999.0
SNOTEL:801_OR_SNTL,24.8
SNOTEL:803_ID_SNTL,17.8
SNOTEL:804_WA_SNTL,31.0
SNOTEL:805_ID_SNTL,9.0
SNOTEL:806_WY_SNTL,12.9
SNOTEL:8082_UT_SNTL,-9999.0
SNOTEL:809_CA_SNTL,4.9
SNOTEL:810_OR_SNTL,2.6
SNOTEL:811_NV_SNTL,4.3
SNOTEL:812_OR_SNTL,13.1
SNOTEL:814_UT_SNTL,15.5
SNOTEL:815_OR_SNTL,10.0
SNOTEL:816_WY_SNTL,12.3
SNOTEL:817_WA_SNTL,28.1
SNOTEL:818_WY_SNTL,3.4
SNOTEL:819_WY_SNTL,3.8
SNOTEL:820_UT_SNTL,13.5
SNOTEL:822_WY_SNTL,17.0
SNOTEL:823_UT_SNTL,25.9
SNOTEL:824_WA_SNTL,23.3
SNOTEL:825_CO_SNTL,33.3
SNOTEL:826_WY_SNTL,7.3
SNOTEL:827_CO_SNTL,6.1
SNOTEL:830_ID_SNTL,22.5
SNOTEL:831_WY_SNTL,16.4
SNOTEL:832_WA_SNTL,7.3
SNOTEL:833_UT_SNTL,7.8
SNOTEL:834_CA_SNTL,13.9
SNOTEL:835_MT_SNTL,14.8
SNOTEL:837_WY_SNTL,21.6
SNOTEL:838_CO_SNTL,12.5
SNOTEL:839_CO_SNTL,5.6
SNOTEL:840_CO_SNTL,25.6
SNOTEL:841_WA_SNTL,7.5
SNOTEL:842_CO_SNTL,14.5
SNOTEL:844_UT_SNTL,7.7
SNOTEL:845_ID_SNTL,22.5
SNOTEL:847_MT_SNTL,9.9
SNOTEL:848_CA_SNTL,24.9
SNOTEL:849_NV_SNTL,9.4
SNOTEL:850_MT_SNTL,17.7
SNOTEL:851_WY_SNTL,-9999.0
SNOTEL:852_WY_SNTL,18.1
SNOTEL:854_NM_SNTL,7.6
SNOTEL:855_ID_SNTL,16.7
SNOTEL:857_CO_SNTL,7.5
SNOTEL:858_MT_SNTL,9.2
SNOTEL:859_WY_SNTL,21.5
SNOTEL:861_AZ_SNTL,1.2
SNOTEL:862_MT_SNTL,15.6
SNOTEL:863_WA_SNTL,17.4
SNOTEL:864_UT_SNTL,9.6
SNOTEL:865_UT_SNTL,7.9
SNOTEL:868_WY_SNTL,19.8
SNOTEL:869_CO_SNTL,12.2
SNOTEL:871_ID_SNTL,9.5
SNOTEL:872_WY_SNTL,6.2
SNOTEL:873_OR_SNTL,7.9
SNOTEL:874_CO_SNTL,32.2
SNOTEL:876_MT_SNTL,8.6
SNOTEL:877_AZ_SNTL,0.0
SNOTEL:878_WY_SNTL,11.6
SNOTEL:895_ID_SNTL,9.1
SNOTEL:896_UT_SNTL,13.2
SNOTEL:897_WA_SNTL,24.4
SNOTEL:899_WA_SNTL,24.5
SNOTEL:901_MT_SNTL,25.8
SNOTEL:902_AZ_SNTL,0.5
SNOTEL:904_CO_SNTL,19.3
SNOTEL:905_CO_SNTL,13.3
SNOTEL:906_UT_SNTL,9.8
SNOTEL:907_UT_SNTL,7.1
SNOTEL:909_WA_SNTL,26.9
SNOTEL:911_WA_SNTL,28.0
SNOTEL:912_WA_SNTL,33.3
SNOTEL:913_CO_SNTL,10.9
SNOTEL:915_ID_SNTL,9.0
SNOTEL:917_MT_SNTL,3.7
SNOTEL:918_MT_SNTL,10.7
SNOTEL:919_MT_SNTL,7.0
SNOTEL:920_SD_SNTL,4.8
SNOTEL:921_NM_SNTL,0.7
SNOTEL:922_NM_SNTL,8.8
SNOTEL:923_WY_SNTL,9.6
SNOTEL:924_MT_SNTL,7.4
SNOTEL:925_OR_SNTL,7.5
SNOTEL:926_ID_SNTL,15.0
SNOTEL:927_AZ_SNTL,17.6
SNOTEL:929_MT_SNTL,6.8
SNOTEL:930_MT_SNTL,7.0
SNOTEL:935_CO_SNTL,9.3
SNOTEL:936_CO_SNTL,4.1
SNOTEL:937_CO_SNTL,6.9
SNOTEL:939_CO_SNTL,3.1
SNOTEL:941_WA_SNTL,0.0
SNOTEL:942_WA_SNTL,16.0
SNOTEL:945_OR_SNTL,0.0
SNOTEL:972_UT_SNTL,13.7
SNOTEL:974_WA_SNTL,29.2
SNOTEL:975_WA_SNTL,16.8
SNOTEL:976_OR_SNTL,-9999.0
SNOTEL:978_ID_SNTL,15.8
SNOTEL:981_MT_SNTL,5.0
SNOTEL:982_WY_SNTL,3.4
SNOTEL:984_WA_SNTL,11.5
SNOTEL:988_ID_SNTL,27.8
SNOTEL:989_ID_SNTL,14.2
SNOTEL:990_WA_SNTL,37.0
SNOTEL:991_WA_SNTL,-9999.0
SNOTEL:992_UT_SNTL,7.9
SNOTEL:994_WA_SNTL,-9999.0
SNOTEL:995_WA_SNTL,-9999.0
SNOTEL:996_WA_SNTL,-9999.0
SNOTEL:998_WA_SNTL,83.9
SNOTEL:999_WA_SNTL,43.2
